invoice_number,pro_number,bill_of_lading,doc_id,invoice_date,ship_date,origin_city,dest_city,weight_cwt,charge_code,amount,invoice_type,supersedes,invoice_total
0200423,946510436,34507230,67175696,2025-04-27,2025-04-10,Columbus,New York,9.22,LH,306.20,original,,369.58
0200423,946510436,34507230,67175696,2025-04-27,2025-04-10,Columbus,New York,9.22,FSC,63.38,original,,369.58
0200429,354447758,40631547,68463379,2025-04-29,2025-04-01,Dallas,Phoenix,19.57,LH,833.60,original,,1006.16
0200429,354447758,40631547,68463379,2025-04-29,2025-04-01,Dallas,Phoenix,19.57,FSC,172.56,original,,1006.16
0200425,024183238,78455389,72421492,2025-04-27,2025-04-16,Columbus,New York,10.47,LH,320.59,original,,386.95
0200425,024183238,78455389,72421492,2025-04-27,2025-04-16,Columbus,New York,10.47,FSC,66.36,original,,386.95
0200432,166339804,43854685,82098455,2025-04-29,2025-04-08,Chicago,Detroit,8.77,LH,198.90,original,,240.07
0200432,166339804,43854685,82098455,2025-04-29,2025-04-08,Chicago,Detroit,8.77,FSC,41.17,original,,240.07
0200435,189702700,12706967,91345659,2025-04-30,2025-04-22,Atlanta,Philadelphia,43.86,LH,1454.50,original,,1755.58
0200435,189702700,12706967,91345659,2025-04-30,2025-04-22,Atlanta,Philadelphia,43.86,FSC,301.08,original,,1755.58
0200421,218853246,89058859,94404197,2025-04-27,2025-03-31,Columbus,Miami,11.55,LH,617.58,original,,870.42
0200421,218853246,89058859,94404197,2025-04-27,2025-03-31,Columbus,Miami,11.55,FSC,127.84,original,,870.42
0200421,218853246,89058859,94404197,2025-04-27,2025-03-31,Columbus,Miami,11.55,RESIDENTIAL,125.00,original,,870.42
0200426,200762401,82508458,99170963,2025-04-28,2025-04-05,Atlanta,Denver,8.20,LH,604.50,original,,729.63
0200426,200762401,82508458,99170963,2025-04-28,2025-04-05,Atlanta,Denver,8.20,FSC,125.13,original,,729.63
0200444,670376549,31741199,23990422,2025-05-02,2025-04-19,Dallas,Phoenix,8.27,LH,466.57,original,,562.97
0200444,670376549,31741199,23990422,2025-05-02,2025-04-19,Dallas,Phoenix,8.27,FSC,96.40,original,,562.97
0200437,764565072,9785-1905,56254961,2025-05-01,2025-04-12,Columbus,Seattle,32.49,LH,2692.77,original,,3250.17
0200437,764565072,9785-1905,56254961,2025-05-01,2025-04-12,Columbus,Seattle,32.49,FSC,557.40,original,,3250.17
0200438,483023846,99772849,77370250,2025-05-01,2025-04-14,Atlanta,Denver,1.66,LH,143.66,original,,173.40
0200438,483023846,99772849,77370250,2025-05-01,2025-04-14,Atlanta,Denver,1.66,FSC,29.74,original,,173.40
0200439,204855976,5518-7911,31972823,2025-05-01,2025-04-19,Atlanta,Denver,18.50,LH,1089.80,original,,1315.39
0200439,204855976,5518-7911,31972823,2025-05-01,2025-04-19,Atlanta,Denver,18.50,FSC,225.59,original,,1315.39
0200427,165709586,04343726,36568987,2025-04-28,2025-04-10,Columbus,Detroit,3.40,LH,110.00,original,,132.77
0200427,165709586,04343726,36568987,2025-04-28,2025-04-10,Columbus,Detroit,3.40,FSC,22.77,original,,132.77
0200430,691227302,83358406,57146789,2025-04-29,2025-04-07,Columbus,St. Louis,9.31,LH,270.60,original,,326.61
0200430,691227302,83358406,57146789,2025-04-29,2025-04-07,Columbus,St. Louis,9.31,FSC,56.01,original,,326.61
0200447,735612980,33897549,89927196,2025-05-03,2025-04-10,Chicago,Miami,30.94,LH,1604.24,original,,1936.32
0200447,735612980,33897549,89927196,2025-05-03,2025-04-10,Chicago,Miami,30.94,FSC,332.08,original,,1936.32
0200436,045789013,53679145,94342636,2025-04-30,2025-04-24,Columbus,Nashville,15.22,LH,348.80,original,,420.88
0200436,045789013,53679145,94342636,2025-04-30,2025-04-24,Columbus,Nashville,15.22,FSC,72.08,original,,420.88
0200448,942894840,72383598,96679968,2025-05-03,2025-04-11,Chicago,Miami,26.24,LH,1360.54,original,,1767.17
0200448,942894840,72383598,96679968,2025-05-03,2025-04-11,Chicago,Miami,26.24,FSC,281.63,original,,1767.17
0200448,942894840,72383598,96679968,2025-05-03,2025-04-11,Chicago,Miami,26.24,RESIDENTIAL,125.00,original,,1767.17
0200433,897053193,49313176,24540208,2025-04-30,2025-04-09,Atlanta,Denver,9.78,LH,641.00,original,,898.69
0200433,897053193,49313176,24540208,2025-04-30,2025-04-09,Atlanta,Denver,9.78,FSC,132.69,original,,898.69
0200433,897053193,49313176,24540208,2025-04-30,2025-04-09,Atlanta,Denver,9.78,RESIDENTIAL,125.00,original,,898.69
0200434,501523871,31460308,52325339,2025-04-30,2025-04-19,Memphis,Seattle,28.21,LH,2139.16,original,,2581.97
0200434,501523871,31460308,52325339,2025-04-30,2025-04-19,Memphis,Seattle,28.21,FSC,442.81,original,,2581.97
0200442,492022906,70395240,54063584,2025-05-02,2025-03-29,Dallas,Los Angeles,22.38,LH,1233.59,original,,1488.94
0200442,492022906,70395240,54063584,2025-05-02,2025-03-29,Dallas,Los Angeles,22.38,FSC,255.35,original,,1488.94
0200440,215767472,BOL-32080229,54730605,2025-05-01,2025-04-21,Columbus,St. Louis,79.36,LH,1545.93,original,,1960.94
0200440,215767472,BOL-32080229,54730605,2025-05-01,2025-04-21,Columbus,St. Louis,79.36,FSC,320.01,original,,1960.94
0200440,215767472,BOL-32080229,54730605,2025-05-01,2025-04-21,Columbus,St. Louis,79.36,LIFTGATE,95.00,original,,1960.94
0200453,726899529,18850470,69056953,2025-05-04,2025-04-10,Columbus,Pittsburgh,14.50,LH,222.28,original,,363.30
0200453,726899529,18850470,69056953,2025-05-04,2025-04-10,Columbus,Pittsburgh,14.50,FSC,46.02,original,,363.30
0200453,726899529,18850470,69056953,2025-05-04,2025-04-10,Columbus,Pittsburgh,14.50,LIFTGATE,95.00,original,,363.30
0200456,767344951,76147609,69386488,2025-05-04,2025-04-15,Chicago,Miami,4.33,LH,350.75,original,,423.36
0200456,767344951,76147609,69386488,2025-05-04,2025-04-15,Chicago,Miami,4.33,FSC,72.61,original,,423.36
0200443,488029352,bol-18081477,94764062,2025-05-02,2025-04-04,Columbus,Pittsburgh,46.10,LH,552.00,original,,666.26
0200443,488029352,bol-18081477,94764062,2025-05-02,2025-04-04,Columbus,Pittsburgh,46.10,FSC,114.26,original,,666.26
0200450,925255162,57425574,06445246,2025-05-03,2025-04-20,Atlanta,Houston,5.30,LH,242.56,original,,387.90
0200450,925255162,57425574,06445246,2025-05-03,2025-04-20,Atlanta,Houston,5.30,FSC,50.34,original,,387.90
0200450,925255162,57425574,06445246,2025-05-03,2025-04-20,Atlanta,Houston,5.30,LIFTGATE,95.00,original,,387.90
0200446,123948186,77335688,62793268,2025-05-03,2025-04-04,Chicago,Louisville,12.61,LH,262.29,original,,441.58
0200446,123948186,77335688,62793268,2025-05-03,2025-04-04,Chicago,Louisville,12.61,FSC,54.29,original,,441.58
0200446,123948186,77335688,62793268,2025-05-03,2025-04-04,Chicago,Louisville,12.61,RESIDENTIAL,125.00,original,,441.58
0200454,335271831,7042 8940,73374743,2025-05-04,2025-04-14,Columbus,Miami,2.57,LH,185.53,original,,223.93
0200454,335271831,7042 8940,73374743,2025-05-04,2025-04-14,Columbus,Miami,2.57,FSC,38.40,original,,223.93
0200441,326110329,55095563,99476443,2025-05-02,2025-03-29,Columbus,Pittsburgh,5.70,LH,110.00,original,,132.77
0200441,326110329,55095563,99476443,2025-05-02,2025-03-29,Columbus,Pittsburgh,5.70,FSC,22.77,original,,132.77
0200457,996216743,96130740,05339025,2025-05-04,2025-04-16,Chicago,Detroit,15.61,LH,309.68,original,,373.95
0200457,996216743,96130740,05339025,2025-05-04,2025-04-16,Chicago,Detroit,15.61,FSC,64.27,original,,373.95
0200451,603549796,78379279,70420564,2025-05-04,2025-03-31,Chicago,St. Louis,28.61,LH,481.22,original,,580.83
0200451,603549796,78379279,70420564,2025-05-04,2025-03-31,Chicago,St. Louis,28.61,FSC,99.61,original,,580.83
0200459,428216299,59273563,91746626,2025-05-05,2025-04-14,Chicago,St. Louis,5.49,LH,124.95,original,,150.81
0200459,428216299,59273563,91746626,2025-05-05,2025-04-14,Chicago,St. Louis,5.49,FSC,25.86,original,,150.81
0200445,799329680,95577171,92805295,2025-05-02,2025-04-22,Dallas,Phoenix,8.46,LH,477.06,original,,575.65
0200445,799329680,95577171,92805295,2025-05-02,2025-04-22,Dallas,Phoenix,8.46,FSC,98.59,original,,575.65
0200464,055661092,94772506,42446628,2025-05-06,2025-04-26,Chicago,St. Louis,9.25,LH,197.90,original,,238.87
0200464,055661092,94772506,42446628,2025-05-06,2025-04-26,Chicago,St. Louis,9.25,FSC,40.97,original,,238.87
0200452,050771931,BOL-90667433,69682510,2025-05-04,2025-04-05,Atlanta,St. Louis,12.90,LH,369.46,original,,445.94
0200452,050771931,BOL-90667433,69682510,2025-05-04,2025-04-05,Atlanta,St. Louis,12.90,FSC,76.48,original,,445.94
0200468,580978556,62561442,72678524,2025-05-07,2025-04-24,Chicago,Louisville,5.88,LH,140.65,original,,169.76
0200468,580978556,62561442,72678524,2025-05-07,2025-04-24,Chicago,Louisville,5.88,FSC,29.11,original,,169.76
0200449,038332704,BOL-40593163,81021089,2025-05-03,2025-04-17,Atlanta,St. Louis,6.68,LH,220.04,original,,390.59
0200449,038332704,BOL-40593163,81021089,2025-05-03,2025-04-17,Atlanta,St. Louis,6.68,FSC,45.55,original,,390.59
0200449,038332704,BOL-40593163,81021089,2025-05-03,2025-04-17,Atlanta,St. Louis,6.68,RESIDENTIAL,125.00,original,,390.59
0200460,845608688,22683566,90795758,2025-05-06,2025-04-12,Chicago,Denver,2.58,LH,168.53,original,,203.42
0200460,845608688,22683566,90795758,2025-05-06,2025-04-12,Chicago,Denver,2.58,FSC,34.89,original,,203.42
0200463,272342485,11223577,13178434,2025-05-06,2025-04-23,Chicago,St. Louis,27.24,LH,458.18,original,,648.02
0200463,272342485,11223577,13178434,2025-05-06,2025-04-23,Chicago,St. Louis,27.24,FSC,94.84,original,,648.02
0200463,272342485,11223577,13178434,2025-05-06,2025-04-23,Chicago,St. Louis,27.24,LIFTGATE,95.00,original,,648.02
0200469,444674443,90130763,13630679,2025-05-08,2025-03-12,Columbus,Detroit,3.52,LH,110.00,original,,132.77
0200469,444674443,90130763,13630679,2025-05-08,2025-03-12,Columbus,Detroit,3.52,FSC,22.77,original,,132.77
0200455,201267156,39766542,23003681,2025-05-04,2025-04-14,Dallas,Phoenix,4.55,LH,281.95,original,,340.31
0200455,201267156,39766542,23003681,2025-05-04,2025-04-14,Dallas,Phoenix,4.55,FSC,58.36,original,,340.31
0200458,268710778,82262084,26516066,2025-05-04,2025-04-22,Atlanta,Nashville,9.81,LH,176.70,original,,213.28
0200458,268710778,82262084,26516066,2025-05-04,2025-04-22,Atlanta,Nashville,9.81,FSC,36.58,original,,213.28
0200357,983485671,33725858,95583923,2025-04-14,2025-03-05,Chicago,Denver,5.94,LH,330.50,original,,526.89
0200357,983485671,33725858,95583923,2025-04-14,2025-03-05,Chicago,Denver,5.94,FSC,71.39,original,,526.89
0200357,983485671,33725858,95583923,2025-04-14,2025-03-05,Chicago,Denver,5.94,RESIDENTIAL,125.00,original,,526.89
0200465,939801376,71470029,13613346,2025-05-07,2025-03-14,Atlanta,Houston,6.78,LH,310.86,original,,375.21
0200465,939801376,71470029,13613346,2025-05-07,2025-03-14,Atlanta,Houston,6.78,FSC,64.35,original,,375.21
0200470,526824955,69799320,17002763,2025-05-08,2025-04-15,Columbus,Phoenix,6.84,LH,683.66,original,,825.18
0200470,526824955,69799320,17002763,2025-05-08,2025-04-15,Columbus,Phoenix,6.84,FSC,141.52,original,,825.18
0200461,790895199,05736742,22972754,2025-05-06,2025-04-20,Atlanta,Nashville,8.96,LH,176.70,original,,213.28
0200461,790895199,05736742,22972754,2025-05-06,2025-04-20,Atlanta,Nashville,8.96,FSC,36.58,original,,213.28
0200462,983280376,52055624,43718475,2025-05-06,2025-04-21,Chicago,St. Louis,4.16,LH,111.16,original,,134.17
0200462,983280376,52055624,43718475,2025-05-06,2025-04-21,Chicago,St. Louis,4.16,FSC,23.01,original,,134.17
0200467,311441575,17215600,49742690,2025-05-07,2025-04-13,Chicago,Denver,6.21,LH,345.52,original,,542.04
0200467,311441575,17215600,49742690,2025-05-07,2025-04-13,Chicago,Denver,6.21,FSC,71.52,original,,542.04
0200467,311441575,17215600,49742690,2025-05-07,2025-04-13,Chicago,Denver,6.21,RESIDENTIAL,125.00,original,,542.04
0200466,317798880,2158-7561,92448948,2025-05-07,2025-04-11,Chicago,Denver,12.45,LH,602.46,original,,727.17
0200466,317798880,2158-7561,92448948,2025-05-07,2025-04-11,Chicago,Denver,12.45,FSC,124.71,original,,727.17
0200477,594358105,31101141,10798269,2025-05-10,2025-04-19,Columbus,St. Louis,8.29,LH,257.90,original,,311.29
0200477,594358105,31101141,10798269,2025-05-10,2025-04-19,Columbus,St. Louis,8.29,FSC,53.39,original,,311.29
0200471,543383133,40913088,33739690,2025-05-08,2025-04-30,Chicago,St. Louis,32.87,LH,552.87,original,,667.31
0200471,543383133,40913088,33739690,2025-05-08,2025-04-30,Chicago,St. Louis,32.87,FSC,114.44,original,,667.31
0200483,244996257,66869879,47122654,2025-05-12,2025-04-21,Chicago,Detroit,21.46,LH,362.89,original,,438.10
0200483,244996257,66869879,47122654,2025-05-12,2025-04-21,Chicago,Detroit,21.46,FSC,75.21,original,,438.10
0200472,564251890,73425492,47451328,2025-05-09,2025-04-21,Atlanta,Indianapolis,4.97,LH,156.75,original,,189.20
0200472,564251890,73425492,47451328,2025-05-09,2025-04-21,Atlanta,Indianapolis,4.97,FSC,32.45,original,,189.20
0200494,688400045,04819797,03339527,2025-05-13,2025-04-30,Memphis,Charlotte,4.19,LH,177.57,original,,214.33
0200494,688400045,04819797,03339527,2025-05-13,2025-04-30,Memphis,Charlotte,4.19,FSC,36.76,original,,214.33
0200473,254259944,51470434,13334881,2025-05-09,2025-04-23,Chicago,Seattle,9.25,LH,845.00,original,,1019.91
0200473,254259944,51470434,13334881,2025-05-09,2025-04-23,Chicago,Seattle,9.25,FSC,174.91,original,,1019.91
0200481,685364740,75592433,13836822,2025-05-11,2025-05-01,Columbus,St. Louis,27.30,LH,627.90,original,,852.88
0200481,685364740,75592433,13836822,2025-05-11,2025-05-01,Columbus,St. Louis,27.30,FSC,129.98,original,,852.88
0200481,685364740,75592433,13836822,2025-05-11,2025-05-01,Columbus,St. Louis,27.30,LIFTGATE,95.00,original,,852.88
0200486,467303381,59840084,21718225,2025-05-13,2025-03-31,Atlanta,Indianapolis,11.02,LH,300.41,original,,487.59
0200486,467303381,59840084,21718225,2025-05-13,2025-03-31,Atlanta,Indianapolis,11.02,FSC,62.18,original,,487.59
0200486,467303381,59840084,21718225,2025-05-13,2025-03-31,Atlanta,Indianapolis,11.02,RESIDENTIAL,125.00,original,,487.59
0200475,433343427,04271505,43849614,2025-05-09,2025-04-28,Atlanta,Louisville,7.84,LH,215.29,original,,259.86
0200475,433343427,04271505,43849614,2025-05-09,2025-04-28,Atlanta,Louisville,7.84,FSC,44.57,original,,259.86
0200496,142957531,34804219,74827510,2025-05-13,2025-05-05,Chicago,Detroit,29.41,LH,497.32,original,,600.27
0200496,142957531,34804219,74827510,2025-05-13,2025-05-05,Chicago,Detroit,29.41,FSC,102.95,original,,600.27
0200495,949634846,23583316,86024510,2025-05-13,2025-05-02,Atlanta,St. Louis,23.34,LH,568.33,original,,685.97
0200495,949634846,23583316,86024510,2025-05-13,2025-05-02,Atlanta,St. Louis,23.34,FSC,117.64,original,,685.97
0200474,717080911,62968387,88720168,2025-05-09,2025-04-26,Memphis,Seattle,6.77,LH,694.53,original,,838.30
0200474,717080911,62968387,88720168,2025-05-09,2025-04-26,Memphis,Seattle,6.77,FSC,143.77,original,,838.30
0200478,584632596,70761239,90620361,2025-05-10,2025-04-24,Chicago,Miami,2.60,LH,214.08,original,,353.39
0200478,584632596,70761239,90620361,2025-05-10,2025-04-24,Chicago,Miami,2.60,FSC,44.31,original,,353.39
0200478,584632596,70761239,90620361,2025-05-10,2025-04-24,Chicago,Miami,2.60,LIFTGATE,95.00,original,,353.39
0200492,584675006,51098374,02607864,2025-05-13,2025-04-28,Columbus,New York,12.17,LH,372.65,original,,449.79
0200492,584675006,51098374,02607864,2025-05-13,2025-04-28,Columbus,New York,12.17,FSC,77.14,original,,449.79
0200479,588482653,48756834,08155747,2025-05-11,2025-04-02,Chicago,Seattle,13.36,LH,1128.92,original,,1362.61
0200479,588482653,48756834,08155747,2025-05-11,2025-04-02,Chicago,Seattle,13.36,FSC,233.69,original,,1362.61
0200498,774817795,93488883,88063731,2025-05-14,2025-05-02,Columbus,Miami,5.17,LH,317.90,original,,383.71
0200498,774817795,93488883,88063731,2025-05-14,2025-05-02,Columbus,Miami,5.17,FSC,65.81,original,,383.71
0200488,527817715,81411110,94229251,2025-05-13,2025-04-14,Chicago,Miami,16.44,LH,1002.84,original,,1210.43
0200488,527817715,81411110,94229251,2025-05-13,2025-04-14,Chicago,Miami,16.44,FSC,207.59,original,,1210.43
0200485,509158839,54836022,99066500,2025-05-12,2025-04-30,Columbus,New York,30.69,LH,798.55,original,,963.85
0200485,509158839,54836022,99066500,2025-05-12,2025-04-30,Columbus,New York,30.69,FSC,165.30,original,,963.85
0200500,130335676,38690964,48778837,2025-05-14,2025-05-05,Chicago,Detroit,75.00,LH,1074.00,original,,1391.32
0200500,130335676,38690964,48778837,2025-05-14,2025-05-05,Chicago,Detroit,75.00,FSC,222.32,original,,1391.32
0200500,130335676,38690964,48778837,2025-05-14,2025-05-05,Chicago,Detroit,75.00,LIFTGATE,95.00,original,,1391.32
0200476,143026416,9910 1808,79524768,2025-05-10,2025-04-16,Columbus,Seattle,12.15,LH,1184.75,original,,1429.99
0200476,143026416,9910 1808,79524768,2025-05-10,2025-04-16,Columbus,Seattle,12.15,FSC,245.24,original,,1429.99
0200497,318317191,56869224,28629469,2025-05-14,2025-04-29,Columbus,St. Louis,8.50,LH,264.44,original,,319.18
0200497,318317191,56869224,28629469,2025-05-14,2025-04-29,Columbus,St. Louis,8.50,FSC,54.74,original,,319.18
0200504,290367796,81262633,49832711,2025-05-15,2025-05-09,Atlanta,Indianapolis,5.96,LH,186.85,original,,225.53
0200504,290367796,81262633,49832711,2025-05-15,2025-05-09,Atlanta,Indianapolis,5.96,FSC,38.68,original,,225.53
0200480,431319525,69268954,79414630,2025-05-11,2025-04-08,Columbus,New York,11.36,LH,347.84,original,,419.84
0200480,431319525,69268954,79414630,2025-05-11,2025-04-08,Columbus,New York,11.36,FSC,72.00,original,,419.84
0200503,605582905,90905635,81785296,2025-05-15,2025-05-05,Dallas,Phoenix,23.94,LH,997.82,original,,1204.37
0200503,605582905,90905635,81785296,2025-05-15,2025-05-05,Dallas,Phoenix,23.94,FSC,206.55,original,,1204.37
0200510,706845186,82329476,04131656,2025-05-16,2025-05-04,Atlanta,Nashville,8.44,LH,171.50,original,,207.00
0200510,706845186,82329476,04131656,2025-05-16,2025-05-04,Atlanta,Nashville,8.44,FSC,35.50,original,,207.00
0200484,635108318,39912813,18872856,2025-05-12,2025-04-28,Atlanta,Indianapolis,33.00,LH,764.61,original,,922.88
0200484,635108318,39912813,18872856,2025-05-12,2025-04-28,Atlanta,Indianapolis,33.00,FSC,158.27,original,,922.88
0200507,734436881,66465180,30814698,2025-05-16,2025-04-23,Columbus,Miami,5.07,LH,311.75,original,,376.28
0200507,734436881,66465180,30814698,2025-05-16,2025-04-23,Columbus,Miami,5.07,FSC,64.53,original,,376.28
0200482,261102589,91843125,37786535,2025-05-12,2025-04-15,Chicago,Louisville,8.02,LH,192.02,original,,231.73
0200482,261102589,91843125,37786535,2025-05-12,2025-04-15,Chicago,Louisville,8.02,FSC,39.71,original,,231.73
0200505,848016027,97466025,89784248,2025-05-16,2025-03-22,Atlanta,Philadelphia,6.30,LH,292.70,original,,353.29
0200505,848016027,97466025,89784248,2025-05-16,2025-03-22,Atlanta,Philadelphia,6.30,FSC,60.59,original,,353.29
0200487,208640696,81955546,89854320,2025-05-13,2025-04-08,Columbus,Pittsburgh,1.00,LH,110.00,original,,132.77
0200487,208640696,81955546,89854320,2025-05-13,2025-04-08,Columbus,Pittsburgh,1.00,FSC,22.77,original,,132.77
0200493,881850872,bol-36427405,97810413,2025-05-13,2025-04-29,Columbus,New York,7.75,LH,272.88,original,,329.37
0200493,881850872,bol-36427405,97810413,2025-05-13,2025-04-29,Columbus,New York,7.75,FSC,56.49,original,,329.37
0200499,687498374,23993906,52254351,2025-05-14,2025-05-03,Atlanta,St. Louis,12.35,LH,353.70,original,,426.92
0200499,687498374,23993906,52254351,2025-05-14,2025-05-03,Atlanta,St. Louis,12.35,FSC,73.22,original,,426.92
0200490,855271310,44196755,63634286,2025-05-13,2025-04-18,Chicago,Detroit,11.33,LH,225.35,original,,272.00
0200490,855271310,44196755,63634286,2025-05-13,2025-04-18,Chicago,Detroit,11.33,FSC,46.65,original,,272.00
0200491,063082856,34180088,77455535,2025-05-13,2025-04-25,Dallas,Los Angeles,5.06,LH,377.37,original,,455.49
0200491,063082856,34180088,77455535,2025-05-13,2025-04-25,Dallas,Los Angeles,5.06,FSC,78.12,original,,455.49
0200489,675810056,75564055,94867893,2025-05-13,2025-04-16,Columbus,Phoenix,8.26,LH,825.59,original,,996.49
0200489,675810056,75564055,94867893,2025-05-13,2025-04-16,Columbus,Phoenix,8.26,FSC,170.90,original,,996.49
0200522,731121175,74924941,98324878,2025-05-18,2025-04-30,Atlanta,St. Louis,45.14,LH,1033.21,original,,1466.28
0200522,731121175,74924941,98324878,2025-05-18,2025-04-30,Atlanta,St. Louis,45.14,FSC,213.07,original,,1466.28
0200522,731121175,74924941,98324878,2025-05-18,2025-04-30,Atlanta,St. Louis,45.14,LIFTGATE,95.00,original,,1466.28
0200522,731121175,74924941,98324878,2025-05-18,2025-04-30,Atlanta,St. Louis,45.14,RESIDENTIAL,125.00,original,,1466.28
0200506,834876285,33906221,01267331,2025-05-16,2025-04-15,Chicago,Detroit,17.13,LH,338.20,original,,408.21
0200506,834876285,33906221,01267331,2025-05-16,2025-04-15,Chicago,Detroit,17.13,FSC,70.01,original,,408.21
0200508,322486589,02323243,13340668,2025-05-16,2025-04-30,Columbus,Pittsburgh,45.61,LH,552.00,original,,666.26
0200508,322486589,02323243,13340668,2025-05-16,2025-04-30,Columbus,Pittsburgh,45.61,FSC,114.26,original,,666.26
0200519,692129499,36110143,16984206,2025-05-18,2025-04-21,Memphis,Charlotte,7.60,LH,274.36,original,,331.15
0200519,692129499,36110143,16984206,2025-05-18,2025-04-21,Memphis,Charlotte,7.60,FSC,56.79,original,,331.15
0200502,381932610,bol-06941600,23134871,2025-05-15,2025-04-23,Atlanta,Houston,12.80,LH,510.34,original,,615.98
0200502,381932610,bol-06941600,23134871,2025-05-15,2025-04-23,Atlanta,Houston,12.80,FSC,105.64,original,,615.98
0200513,808843012,16977248,23759010,2025-05-17,2025-04-18,Columbus,Seattle,17.77,LH,1657.60,original,,2000.72
0200513,808843012,16977248,23759010,2025-05-17,2025-04-18,Columbus,Seattle,17.77,FSC,343.12,original,,2000.72
0200501,804508806,70947369,76758512,2025-05-15,2025-04-17,Memphis,Charlotte,16.59,LH,520.76,original,,628.56
0200501,804508806,70947369,76758512,2025-05-15,2025-04-17,Memphis,Charlotte,16.59,FSC,107.80,original,,628.56
0200530,703237298,60611967,95040408,2025-05-19,2025-04-24,Chicago,Denver,25.77,LH,1059.92,original,,1279.32
0200530,703237298,60611967,95040408,2025-05-19,2025-04-24,Chicago,Denver,25.77,FSC,219.40,original,,1279.32
0200527,663137507,68828540,96379066,2025-05-18,2025-05-09,Dallas,Phoenix,9.99,LH,490.30,original,,716.79
0200527,663137507,68828540,96379066,2025-05-18,2025-05-09,Dallas,Phoenix,9.99,FSC,101.49,original,,716.79
0200527,663137507,68828540,96379066,2025-05-18,2025-05-09,Dallas,Phoenix,9.99,RESIDENTIAL,125.00,original,,716.79
0200545,864453091,93476446,12828893,2025-05-20,2025-05-09,Atlanta,Philadelphia,3.05,LH,166.38,original,,200.82
0200545,864453091,93476446,12828893,2025-05-20,2025-05-09,Atlanta,Philadelphia,3.05,FSC,34.44,original,,200.82
0200531,029839748,73485241,18758822,2025-05-19,2025-04-27,Atlanta,Houston,20.99,LH,711.35,original,,858.60
0200531,029839748,73485241,18758822,2025-05-19,2025-04-27,Atlanta,Houston,20.99,FSC,147.25,original,,858.60
0200535,646991935,39308476,35271724,2025-05-19,2025-05-03,Chicago,Miami,12.00,LH,732.00,original,,883.52
0200535,646991935,39308476,35271724,2025-05-19,2025-05-03,Chicago,Miami,12.00,FSC,151.52,original,,883.52
0200516,984200425,17681938,35778154,2025-05-17,2025-04-28,Chicago,St. Louis,6.81,LH,155.00,original,,187.09
0200516,984200425,17681938,35778154,2025-05-17,2025-04-28,Chicago,St. Louis,6.81,FSC,32.09,original,,187.09
0200512,250941087,82647050,43633084,2025-05-17,2025-03-10,Columbus,St. Louis,15.54,LH,420.51,original,,507.56
0200512,250941087,82647050,43633084,2025-05-17,2025-03-10,Columbus,St. Louis,15.54,FSC,87.05,original,,507.56
0200528,760753669,81883449,48194341,2025-05-19,2025-04-06,Atlanta,St. Louis,7.35,LH,242.11,original,,387.23
0200528,760753669,81883449,48194341,2025-05-19,2025-04-06,Atlanta,St. Louis,7.35,FSC,50.12,original,,387.23
0200528,760753669,81883449,48194341,2025-05-19,2025-04-06,Atlanta,St. Louis,7.35,LIFTGATE,95.00,original,,387.23
0200532,070688305,99859308,58872455,2025-05-19,2025-04-28,Atlanta,Nashville,13.59,LH,240.14,original,,289.85
0200532,070688305,99859308,58872455,2025-05-19,2025-04-28,Atlanta,Nashville,13.59,FSC,49.71,original,,289.85
0200533,810402433,74552397,64826467,2025-05-19,2025-04-30,Columbus,New York,7.59,LH,267.24,original,,542.56
0200533,810402433,74552397,64826467,2025-05-19,2025-04-30,Columbus,New York,7.59,FSC,55.32,original,,542.56
0200533,810402433,74552397,64826467,2025-05-19,2025-04-30,Columbus,New York,7.59,RESIDENTIAL,125.00,original,,542.56
0200533,810402433,74552397,64826467,2025-05-19,2025-04-30,Columbus,New York,7.59,LIFTGATE,95.00,original,,542.56
0200517,043984993,BOL#13045281,65426562,2025-05-17,2025-04-28,Atlanta,Louisville,5.63,LH,154.60,original,,281.60
0200517,043984993,BOL#13045281,65426562,2025-05-17,2025-04-28,Atlanta,Louisville,5.63,FSC,32.00,original,,281.60
0200517,043984993,BOL#13045281,65426562,2025-05-17,2025-04-28,Atlanta,Louisville,5.63,LIFTGATE,95.00,original,,281.60
0200515,451153617,67512040,05417058,2025-05-17,2025-04-23,Atlanta,Indianapolis,6.05,LH,189.67,original,,228.93
0200515,451153617,67512040,05417058,2025-05-17,2025-04-23,Atlanta,Indianapolis,6.05,FSC,39.26,original,,228.93
0200523,659580766,01683936,24729551,2025-05-18,2025-05-01,Chicago,Detroit,23.42,LH,410.78,original,,495.81
0200523,659580766,01683936,24729551,2025-05-18,2025-05-01,Chicago,Detroit,23.42,FSC,85.03,original,,495.81
0200520,901876871,92762369,27724652,2025-05-18,2025-04-25,Memphis,Seattle,3.76,LH,452.85,original,,546.59
0200520,901876871,92762369,27724652,2025-05-18,2025-04-25,Memphis,Seattle,3.76,FSC,93.74,original,,546.59
0200511,700119532,40325599,38677063,2025-05-16,2025-05-06,Atlanta,Louisville,6.40,LH,175.74,original,,212.12
0200511,700119532,40325599,38677063,2025-05-16,2025-05-06,Atlanta,Louisville,6.40,FSC,36.38,original,,212.12
0200524,667443471,00703901,64999561,2025-05-18,2025-05-02,Chicago,Detroit,2.59,LH,110.00,original,,132.77
0200524,667443471,00703901,64999561,2025-05-18,2025-05-02,Chicago,Detroit,2.59,FSC,22.77,original,,132.77
0200514,053025508,50188155,84970079,2025-05-17,2025-04-22,Memphis,Charlotte,12.68,LH,398.03,original,,480.42
0200514,053025508,50188155,84970079,2025-05-17,2025-04-22,Memphis,Charlotte,12.68,FSC,82.39,original,,480.42
0200509,098878589,22925630,94823227,2025-05-16,2025-05-02,Columbus,Detroit,11.56,LH,184.15,original,,222.27
0200509,098878589,22925630,94823227,2025-05-16,2025-05-02,Columbus,Detroit,11.56,FSC,38.12,original,,222.27
0200518,131060997,54878877,98748822,2025-05-17,2025-05-07,Chicago,Louisville,75.00,LH,1123.50,original,,1356.06
0200518,131060997,54878877,98748822,2025-05-17,2025-05-07,Chicago,Louisville,75.00,FSC,232.56,original,,1356.06
0200529,782651931,06135153,24160850,2025-05-19,2025-04-20,Atlanta,Houston,24.72,LH,837.76,original,,1011.18
0200529,782651931,06135153,24160850,2025-05-19,2025-04-20,Atlanta,Houston,24.72,FSC,173.42,original,,1011.18
0200538,316854390,46460649,85697728,2025-05-19,2025-05-09,Memphis,Charlotte,11.53,LH,361.93,original,,436.85
0200538,316854390,46460649,85697728,2025-05-19,2025-05-09,Memphis,Charlotte,11.53,FSC,74.92,original,,436.85
0200554,503322590,98691005,86822369,2025-05-22,2025-05-11,Dallas,Phoenix,17.44,LH,833.60,original,,1006.16
0200554,503322590,98691005,86822369,2025-05-22,2025-05-11,Dallas,Phoenix,17.44,FSC,172.56,original,,1006.16
0200543,689776745,43177266,11095562,2025-05-20,2025-05-06,Atlanta,Houston,18.75,LH,677.80,original,,913.10
0200543,689776745,43177266,11095562,2025-05-20,2025-05-06,Atlanta,Houston,18.75,FSC,140.30,original,,913.10
0200543,689776745,43177266,11095562,2025-05-20,2025-05-06,Atlanta,Houston,18.75,LIFTGATE,95.00,original,,913.10
0200557,636597971,35414602,19222428,2025-05-23,2025-05-08,Memphis,Seattle,5.03,LH,516.03,original,,622.85
0200557,636597971,35414602,19222428,2025-05-23,2025-05-08,Memphis,Seattle,5.03,FSC,106.82,original,,622.85
0200525,996401102,47570256,36640504,2025-05-18,2025-05-04,Atlanta,Indianapolis,12.25,LH,333.94,original,,403.07
0200525,996401102,47570256,36640504,2025-05-18,2025-05-04,Atlanta,Indianapolis,12.25,FSC,69.13,original,,403.07
0200547,068396695,6434 2485,38522260,2025-05-21,2025-05-06,Columbus,Nashville,7.13,LH,187.59,original,,226.42
0200547,068396695,6434 2485,38522260,2025-05-21,2025-05-06,Columbus,Nashville,7.13,FSC,38.83,original,,226.42
0200542,573900377,15728401,46925321,2025-05-20,2025-05-03,Chicago,Detroit,3.30,LH,110.00,original,,132.77
0200542,573900377,15728401,46925321,2025-05-20,2025-05-03,Chicago,Detroit,3.30,FSC,22.77,original,,132.77
0200526,891051110,1781 7000,47257004,2025-05-18,2025-05-05,Dallas,Phoenix,7.92,LH,446.61,original,,539.06
0200526,891051110,1781 7000,47257004,2025-05-18,2025-05-05,Dallas,Phoenix,7.92,FSC,92.45,original,,539.06
0200521,114726768,1808 9729,60197537,2025-05-18,2025-04-30,Memphis,Seattle,3.41,LH,410.70,original,,495.71
0200521,114726768,1808 9729,60197537,2025-05-18,2025-04-30,Memphis,Seattle,3.41,FSC,85.01,original,,495.71
0200537,071224316,40738929,25752646,2025-05-19,2025-05-09,Columbus,Nashville,22.58,LH,438.96,original,,529.82
0200537,071224316,40738929,25752646,2025-05-19,2025-05-09,Columbus,Nashville,22.58,FSC,90.86,original,,529.82
0200534,317594006,52766162,27824125,2025-05-19,2025-05-01,Atlanta,St. Louis,9.47,LH,286.40,original,,345.68
0200534,317594006,52766162,27824125,2025-05-19,2025-05-01,Atlanta,St. Louis,9.47,FSC,59.28,original,,345.68
0200549,818119304,77932341,28574721,2025-05-21,2025-05-17,Columbus,Pittsburgh,9.36,LH,153.30,original,,186.41
0200549,818119304,77932341,28574721,2025-05-21,2025-05-17,Columbus,Pittsburgh,9.36,FSC,33.11,original,,186.41
0200565,617168414,72245081,35493619,2025-05-24,2025-05-11,Atlanta,Philadelphia,4.92,LH,232.30,original,,280.39
0200565,617168414,72245081,35493619,2025-05-24,2025-05-11,Atlanta,Philadelphia,4.92,FSC,48.09,original,,280.39
0200540,440349738,bol-42110604,35710316,2025-05-20,2025-04-30,Atlanta,Denver,75.00,LH,3461.25,original,,4177.73
0200540,440349738,bol-42110604,35710316,2025-05-20,2025-04-30,Atlanta,Denver,75.00,FSC,716.48,original,,4177.73
0200536,548501273,96389565,83813371,2025-05-19,2025-05-08,Atlanta,Philadelphia,8.83,LH,404.00,original,,487.63
0200536,548501273,96389565,83813371,2025-05-19,2025-05-08,Atlanta,Philadelphia,8.83,FSC,83.63,original,,487.63
0200551,011156834,3383-8226,88947886,2025-05-22,2025-04-13,Dallas,Phoenix,17.98,LH,833.60,original,,1006.16
0200551,011156834,3383-8226,88947886,2025-05-22,2025-04-13,Dallas,Phoenix,17.98,FSC,172.56,original,,1006.16
0200539,502477500,82502984,95070777,2025-05-20,2025-04-27,Columbus,New York,58.09,LH,1280.30,original,,1545.32
0200539,502477500,82502984,95070777,2025-05-20,2025-04-27,Columbus,New York,58.09,FSC,265.02,original,,1545.32
0200541,490240330,89211498,24900118,2025-05-20,2025-05-01,Atlanta,Houston,7.73,LH,354.42,original,,427.78
0200541,490240330,89211498,24900118,2025-05-20,2025-05-01,Atlanta,Houston,7.73,FSC,73.36,original,,427.78
0200555,926177280,62298659,39940891,2025-05-22,2025-05-17,Columbus,Pittsburgh,10.46,LH,160.35,original,,194.99
0200555,926177280,62298659,39940891,2025-05-22,2025-05-17,Columbus,Pittsburgh,10.46,FSC,34.64,original,,194.99
0200544,864870583,bol-48366798,47374480,2025-05-20,2025-05-07,Atlanta,St. Louis,5.63,LH,185.45,original,,223.84
0200544,864870583,bol-48366798,47374480,2025-05-20,2025-05-07,Atlanta,St. Louis,5.63,FSC,38.39,original,,223.84
0200561,065818022,35679996,85782091,2025-05-23,2025-05-16,Memphis,Charlotte,13.36,LH,419.37,original,,509.95
0200561,065818022,35679996,85782091,2025-05-23,2025-05-16,Memphis,Charlotte,13.36,FSC,90.58,original,,509.95
0200556,147114544,96536788,00516153,2025-05-23,2025-04-16,Columbus,Seattle,17.73,LH,1657.60,original,,2001.23
0200556,147114544,96536788,00516153,2025-05-23,2025-04-16,Columbus,Seattle,17.73,FSC,343.63,original,,2001.23
0200550,114292283,80715891,25818416,2025-05-21,2025-03-29,Columbus,Detroit,5.21,LH,110.00,original,,132.77
0200550,114292283,80715891,25818416,2025-05-21,2025-03-29,Columbus,Detroit,5.21,FSC,22.77,original,,132.77
0200568,928558501,63365965,30497860,2025-05-25,2025-04-26,Columbus,Phoenix,11.79,LH,1024.67,original,,1331.78
0200568,928558501,63365965,30497860,2025-05-25,2025-04-26,Columbus,Phoenix,11.79,FSC,212.11,original,,1331.78
0200568,928558501,63365965,30497860,2025-05-25,2025-04-26,Columbus,Phoenix,11.79,LIFTGATE,95.00,original,,1331.78
0200559,130977731,24792923,35105372,2025-05-23,2025-05-11,Memphis,Charlotte,12.40,LH,388.83,original,,469.64
0200559,130977731,24792923,35105372,2025-05-23,2025-05-11,Memphis,Charlotte,12.40,FSC,80.81,original,,469.64
0200548,348189312,65007448,56840166,2025-05-21,2025-05-06,Dallas,Phoenix,12.93,LH,633.96,original,,765.19
0200548,348189312,65007448,56840166,2025-05-21,2025-05-06,Dallas,Phoenix,12.93,FSC,131.23,original,,765.19
0200546,374223159,44520336,59835973,2025-05-21,2025-05-06,Chicago,Seattle,4.23,LH,482.56,original,,582.45
0200546,374223159,44520336,59835973,2025-05-21,2025-05-06,Chicago,Seattle,4.23,FSC,99.89,original,,582.45
0200553,164390685,bol-12305211,68328044,2025-05-22,2025-05-11,Atlanta,Indianapolis,34.60,LH,801.68,original,,967.63
0200553,164390685,bol-12305211,68328044,2025-05-22,2025-05-11,Atlanta,Indianapolis,34.60,FSC,165.95,original,,967.63
0200558,705967939,bol-33212693,73213628,2025-05-23,2025-05-10,Chicago,Seattle,13.48,LH,1139.06,original,,1374.85
0200558,705967939,bol-33212693,73213628,2025-05-23,2025-05-10,Chicago,Seattle,13.48,FSC,235.79,original,,1374.85
0200552,162919295,29544768,73386483,2025-05-22,2025-05-07,Memphis,Seattle,18.94,LH,1516.60,original,,1830.54
0200552,162919295,29544768,73386483,2025-05-22,2025-05-07,Memphis,Seattle,18.94,FSC,313.94,original,,1830.54
0200566,510587015,49217101,84026443,2025-05-25,2025-04-14,Columbus,Detroit,15.69,LH,249.61,original,,301.35
0200566,510587015,49217101,84026443,2025-05-25,2025-04-14,Columbus,Detroit,15.69,FSC,51.74,original,,301.35
0200571,852660665,62942768,92161550,2025-05-25,2025-05-08,Columbus,Seattle,10.17,LH,991.68,original,,1196.36
0200571,852660665,62942768,92161550,2025-05-25,2025-05-08,Columbus,Seattle,10.17,FSC,204.68,original,,1196.36
0200584,543981447,15459791,01434538,2025-05-27,2025-05-17,Atlanta,Denver,23.61,LH,1286.51,original,,1564.40
0200584,543981447,15459791,01434538,2025-05-27,2025-05-17,Atlanta,Denver,23.61,FSC,277.89,original,,1564.40
0200569,652816373,02354240,62923775,2025-05-25,2025-04-26,Columbus,Detroit,7.27,LH,133.19,original,,160.76
0200569,652816373,02354240,62923775,2025-05-25,2025-04-26,Columbus,Detroit,7.27,FSC,27.57,original,,160.76
0200560,166199095,91248471,63399630,2025-05-23,2025-05-12,Atlanta,Philadelphia,33.19,LH,1139.74,original,,1385.92
0200560,166199095,91248471,63399630,2025-05-23,2025-05-12,Atlanta,Philadelphia,33.19,FSC,246.18,original,,1385.92
0200589,566540982,20522120,01340033,2025-05-28,2025-05-20,Chicago,Louisville,7.41,LH,177.25,original,,215.54
0200589,566540982,20522120,01340033,2025-05-28,2025-05-20,Chicago,Louisville,7.41,FSC,38.29,original,,215.54
0200588,100220649,06256819,34275163,2025-05-28,2025-05-19,Atlanta,Louisville,13.18,LH,314.74,original,,382.72
0200588,100220649,06256819,34275163,2025-05-28,2025-05-19,Atlanta,Louisville,13.18,FSC,67.98,original,,382.72
0200581,393684045,35259661,37535286,2025-05-27,2025-05-13,Atlanta,Denver,2.74,LH,237.12,original,,288.34
0200581,393684045,35259661,37535286,2025-05-27,2025-05-13,Atlanta,Denver,2.74,FSC,51.22,original,,288.34
0200567,580637937,72042065,46663858,2025-05-25,2025-04-20,Atlanta,Denver,3.42,LH,305.73,original,,369.02
0200567,580637937,72042065,46663858,2025-05-25,2025-04-20,Atlanta,Denver,3.42,FSC,63.29,original,,369.02
0200587,011981142,22328039,65112627,2025-05-28,2025-05-16,Atlanta,Houston,12.51,LH,498.77,original,,610.99
0200587,011981142,22328039,65112627,2025-05-28,2025-05-16,Atlanta,Houston,12.51,FSC,112.22,original,,610.99
0200586,301991501,58795648,82335198,2025-05-28,2025-05-13,Columbus,Seattle,41.31,LH,3423.77,original,,4163.30
0200586,301991501,58795648,82335198,2025-05-28,2025-05-13,Columbus,Seattle,41.31,FSC,739.53,original,,4163.30
0200563,169233810,22294929,92958980,2025-05-24,2025-05-04,Columbus,Pittsburgh,18.88,LH,260.60,original,,314.54
0200563,169233810,22294929,92958980,2025-05-24,2025-05-04,Columbus,Pittsburgh,18.88,FSC,53.94,original,,314.54
0200562,208945857,1508 8647,97169975,2025-05-24,2025-04-11,Columbus,Phoenix,38.56,LH,3180.19,original,,3838.49
0200562,208945857,1508 8647,97169975,2025-05-24,2025-04-11,Columbus,Phoenix,38.56,FSC,658.30,original,,3838.49
0200579,370707084,71778172,33781874,2025-05-26,2025-05-19,Atlanta,Nashville,64.73,LH,823.37,original,,1001.22
0200579,370707084,71778172,33781874,2025-05-26,2025-05-19,Atlanta,Nashville,64.73,FSC,177.85,original,,1001.22
0200575,132069230,73134202,39777639,2025-05-26,2025-05-05,Chicago,Seattle,11.95,LH,1009.77,original,,1218.79
0200575,132069230,73134202,39777639,2025-05-26,2025-05-05,Chicago,Seattle,11.95,FSC,209.02,original,,1218.79
0200572,849288950,11821321,41331877,2025-05-25,2025-05-11,Columbus,Phoenix,6.96,LH,695.65,original,,934.65
0200572,849288950,11821321,41331877,2025-05-25,2025-05-11,Columbus,Phoenix,6.96,FSC,144.00,original,,934.65
0200572,849288950,11821321,41331877,2025-05-25,2025-05-11,Columbus,Phoenix,6.96,LIFTGATE,95.00,original,,934.65
0200570,030475377,9251 1442,42228430,2025-05-25,2025-05-06,Chicago,Seattle,3.56,LH,406.12,original,,490.19
0200570,030475377,9251 1442,42228430,2025-05-25,2025-05-06,Chicago,Seattle,3.56,FSC,84.07,original,,490.19
0200573,593789171,68417157,45149994,2025-05-25,2025-05-15,Memphis,Charlotte,7.23,LH,261.00,original,,412.38
0200573,593789171,68417157,45149994,2025-05-25,2025-05-15,Memphis,Charlotte,7.23,FSC,56.38,original,,412.38
0200573,593789171,68417157,45149994,2025-05-25,2025-05-15,Memphis,Charlotte,7.23,LIFTGATE,95.00,original,,412.38
0200583,864883710,38997560,52812848,2025-05-27,2025-05-15,Chicago,Louisville,8.40,LH,200.93,original,,244.33
0200583,864883710,38997560,52812848,2025-05-27,2025-05-15,Chicago,Louisville,8.40,FSC,43.40,original,,244.33
0200564,562066994,22337702,59353685,2025-05-24,2025-05-06,Dallas,Los Angeles,26.43,LH,1456.82,original,,1758.38
0200564,562066994,22337702,59353685,2025-05-24,2025-05-06,Dallas,Los Angeles,26.43,FSC,301.56,original,,1758.38
0200594,115109584,43589153,88977658,2025-05-29,2025-05-23,Dallas,Phoenix,6.87,LH,387.40,original,,471.08
0200594,115109584,43589153,88977658,2025-05-29,2025-05-23,Dallas,Phoenix,6.87,FSC,83.68,original,,471.08
0200577,644281478,49382407,89189838,2025-05-26,2025-05-16,Atlanta,Louisville,34.01,LH,690.40,original,,839.22
0200577,644281478,49382407,89189838,2025-05-26,2025-05-16,Atlanta,Louisville,34.01,FSC,148.82,original,,839.22
0200576,281270744,88909428,62833994,2025-05-26,2025-05-15,Dallas,Phoenix,8.61,LH,485.52,original,,590.39
0200576,281270744,88909428,62833994,2025-05-26,2025-05-15,Dallas,Phoenix,8.61,FSC,104.87,original,,590.39
0200585,153396533,7190-8796,64062190,2025-05-28,2025-05-12,Memphis,Charlotte,10.45,LH,328.03,original,,398.88
0200585,153396533,7190-8796,64062190,2025-05-28,2025-05-12,Memphis,Charlotte,10.45,FSC,70.85,original,,398.88
0200580,169092126,65991245,76885222,2025-05-27,2025-05-08,Dallas,Phoenix,10.49,LH,514.32,original,,620.78
0200580,169092126,65991245,76885222,2025-05-27,2025-05-08,Dallas,Phoenix,10.49,FSC,106.46,original,,620.78
0200578,889459994,62868608,88427279,2025-05-26,2025-05-19,Memphis,Charlotte,17.03,LH,533.80,original,,649.10
0200578,889459994,62868608,88427279,2025-05-26,2025-05-19,Memphis,Charlotte,17.03,FSC,115.30,original,,649.10
0200591,781715180,98817062,30994327,2025-05-29,2025-04-23,Chicago,St. Louis,26.03,LH,437.82,original,,748.45
0200591,781715180,98817062,30994327,2025-05-29,2025-04-23,Chicago,St. Louis,26.03,FSC,90.63,original,,748.45
0200591,781715180,98817062,30994327,2025-05-29,2025-04-23,Chicago,St. Louis,26.03,LIFTGATE,95.00,original,,748.45
0200591,781715180,98817062,30994327,2025-05-29,2025-04-23,Chicago,St. Louis,26.03,RESIDENTIAL,125.00,original,,748.45
0200593,299284821,94445447,46504815,2025-05-29,2025-05-17,Columbus,New York,17.62,LH,520.40,original,,632.81
0200593,299284821,94445447,46504815,2025-05-29,2025-05-17,Columbus,New York,17.62,FSC,112.41,original,,632.81
0200574,799470089,01945691,95465118,2025-05-26,2025-04-24,Columbus,St. Louis,30.62,LH,704.26,original,,850.04
0200574,799470089,01945691,95465118,2025-05-26,2025-04-24,Columbus,St. Louis,30.62,FSC,145.78,original,,850.04
