Carrier,Invoice #,PRO Number,BOL Number,Transmission ID,Invoice Date,Ship Date,Origin,Destination,Weight,Linehaul,FSC,Acc 1,Acc 1 Amount,Acc 2,Acc 2 Amount,Total Due
C Express,0300001,648677707,82769577,92165817,2025-01-06 00:00:00,2025-01-01 00:00:00,ATLANTA GA,DETROIT MI,"1,305 LB",$437.70,$90.60,,,,,$528.30
CARRIER C EXPRESS,0300004,473338269,69498988,15117431,2025-01-11 00:00:00,2025-01-04 00:00:00,DALLAS TX,PITTSBURGH PA,"1,029 LB",$524.58,$108.59,,,,,$633.17
C Express,0300010,322202158,BOL#73069276,22721323,2025-01-12 00:00:00,2025-01-05 00:00:00,ATLANTA GA,KANSAS CITY MO,759 LB,$310.28,$64.23,,,,,$374.51
CARRIER C EXPRESS,0300013,464306097,52379169,80566909,2025-01-13 00:00:00,2025-01-04 00:00:00,COLUMBUS OH,KANSAS CITY MO,"2,209 LB",$667.56,$138.18,,,,,$805.74
CARRIER C EXPRESS,0300012,971905464,39935356,96541104,2025-01-13 00:00:00,2025-01-03 00:00:00,CHICAGO IL,SALT LAKE CITY UT,969 LB,$587.60,$121.63,,,,,$709.23
Carrier C Exp.,0300015,819481726,55199645,58876404,2025-01-13 00:00:00,2025-01-08 00:00:00,COLUMBUS OH,KANSAS CITY MO,"7,500 LB","$1,920.00",$397.44,,,,,"$2,317.44"
C Express,0300007,181793683,01555155,01202617,2025-01-12 00:00:00,2025-01-04 00:00:00,ATLANTA GA,MINNEAPOLIS MN,"1,749 LB",$785.00,$162.50,,,,,$947.50
C Express,0300003,645414094,33601753,19452749,2025-01-11 00:00:00,2025-01-01 00:00:00,DALLAS TX,ST. LOUIS MO,"2,303 LB",$630.33,$130.48,,,,,$760.81
CARRIER C EXPRESS,0300006,606892633,BOL-65955774,41810388,2025-01-12 00:00:00,2025-01-02 00:00:00,MEMPHIS TN,ST. LOUIS MO,"5,740 LB",$771.46,$159.69,,,,,$931.15
C Express,0300005,092713019,BOL#59175813,48644684,2025-01-12 00:00:00,2025-01-02 00:00:00,COLUMBUS OH,MIAMI FL,"2,838 LB","$1,190.82",$247.28,,,,,"$1,438.10"
Carrier C Exp.,0300020,632540083,58527591,24106706,2025-01-16 00:00:00,2025-01-04 00:00:00,DALLAS TX,KANSAS CITY MO,"1,648 LB",$477.54,$98.85,,,,,$576.39
CARRIER C EXPRESS,0300002,177358040,23500963,27179465,2025-01-11 00:00:00,2025-01-01 00:00:00,DALLAS TX,KANSAS CITY MO,420 LB,$155.91,$32.29,,,,,$188.20
Carrier C Exp.,0300011,781305465,BOL-78339470,01895862,2025-01-13 00:00:00,2025-01-02 00:00:00,COLUMBUS OH,SEATTLE WA,"1,396 LB","$1,324.52",$274.18,,,,,"$1,598.70"
Carrier C Exp.,0300009,776413789,25752289,07488562,2025-01-12 00:00:00,2025-01-05 00:00:00,CHICAGO IL,NASHVILLE TN,"1,552 LB",$373.10,$77.23,RESIDENTIAL,$125.00,,,$575.33
C Express,0300019,913366941,45772393,09481406,2025-01-15 00:00:00,2025-01-06 00:00:00,DALLAS TX,ST. LOUIS MO,"1,261 LB",$406.60,$84.05,LIFTGATE,$95.00,RESIDENTIAL,$125.00,$710.65
Carrier C Exp.,0300025,792596924,BOL-56999857,10722544,2025-01-17 00:00:00,2025-01-10 00:00:00,CHICAGO IL,CHARLOTTE NC,"1,182 LB",$378.48,$78.35,,,,,$456.83
CARRIER C EXPRESS,0300008,070778581,78416784,24786999,2025-01-12 00:00:00,2025-01-04 00:00:00,DALLAS TX,PITTSBURGH PA,"4,147 LB","$1,796.90",$371.96,LIFTGATE,$95.00,,,"$2,263.86"
CARRIER C EXPRESS,0300024,272819245,66038221,45155818,2025-01-16 00:00:00,2025-01-10 00:00:00,CHICAGO IL,ORLANDO FL,704 LB,$387.55,$80.22,,,,,$467.77
C Express,0300021,451738027,35064865,49627834,2025-01-16 00:00:00,2025-01-06 00:00:00,COLUMBUS OH,DETROIT MI,"2,921 LB",$361.33,$74.80,,,,,$436.13
CARRIER C EXPRESS,0300014,974006893,63227026,89760941,2025-01-13 00:00:00,2025-01-06 00:00:00,ATLANTA GA,KANSAS CITY MO,"3,271 LB",$993.12,$205.58,,,,,"$1,198.70"
CARRIER C EXPRESS,0300016,883555436,99107101,38210664,2025-01-14 00:00:00,2025-01-02 00:00:00,COLUMBUS OH,DETROIT MI,636 LB,$110.00,$22.77,,,,,$132.77
CARRIER C EXPRESS,0300018,655236115,87394120,83060697,2025-01-15 00:00:00,2025-01-02 00:00:00,DALLAS TX,PITTSBURGH PA,834 LB,$488.89,$101.20,,,,,$590.09
C Express,0300017,291265762,27424893,20732323,2025-01-14 00:00:00,2025-01-08 00:00:00,COLUMBUS OH,MIAMI FL,485 LB,$283.85,$58.76,LIFTGATE,$95.00,,,$437.61
C Express,0300026,540923710,49559768,27373379,2025-01-18 00:00:00,2025-01-04 00:00:00,ATLANTA GA,PITTSBURGH PA,"4,395 LB","$1,038.00",$214.87,,,,,"$1,252.87"
CARRIER C EXPRESS,0300023,936104045,82519468,27667584,2025-01-16 00:00:00,2025-01-08 00:00:00,ATLANTA GA,PHOENIX AZ,799 LB,$714.39,$147.88,,,,,$862.27
C Express,0300031,010943125,18232629,62495850,2025-01-21 00:00:00,2025-01-10 00:00:00,COLUMBUS OH,SALT LAKE CITY UT,"1,464 LB","$1,090.53",$225.74,LIFTGATE,$95.00,,,"$1,411.27"
CARRIER C EXPRESS,0300022,948082065,22567453,90276694,2025-01-16 00:00:00,2025-01-06 00:00:00,COLUMBUS OH,INDIANAPOLIS IN,235 LB,$110.00,$22.77,,,,,$132.77
C Express,0300032,108883058,02272935,45932502,2025-01-21 00:00:00,2025-01-14 00:00:00,DALLAS TX,CHARLOTTE NC,"5,812 LB","$2,061.40",$426.71,,,,,"$2,488.11"
Carrier C Exp.,0300027,402256574,62109456,72700000,2025-01-18 00:00:00,2025-01-10 00:00:00,COLUMBUS OH,MIAMI FL,"2,830 LB","$1,187.47",$245.81,,,,,"$1,433.28"
Carrier C Exp.,0300030,644861694,41961608,67642848,2025-01-20 00:00:00,2025-01-08 00:00:00,CHICAGO IL,LOUISVILLE KY,"1,511 LB",$297.52,$61.59,,,,,$359.11
CARRIER C EXPRESS,0300028,208930557,16706499,77160054,2025-01-20 00:00:00,2025-01-05 00:00:00,CHICAGO IL,NASHVILLE TN,935 LB,$240.40,$49.76,LIFTGATE,$95.00,,,$385.16
C Express,0300029,950920316,43623554,32468566,2025-01-20 00:00:00,2025-01-06 00:00:00,ATLANTA GA,PHOENIX AZ,"3,521 LB","$2,327.03",$481.70,,,,,"$2,808.73"
Carrier C Exp.,0300040,061241110,55747711,73374708,2025-01-25 00:00:00,2025-01-10 00:00:00,COLUMBUS OH,SEATTLE WA,302 LB,$386.80,$80.07,,,,,$466.87
CARRIER C EXPRESS,0300037,868142272,06747188,78275938,2025-01-23 00:00:00,2025-01-14 00:00:00,MEMPHIS TN,ST. LOUIS MO,"1,231 LB",$229.70,$47.55,,,,,$277.25
C Express,0300038,778946480,BOL-58714631,96315264,2025-01-23 00:00:00,2025-01-16 00:00:00,CHICAGO IL,LOUISVILLE KY,"2,060 LB",$344.84,$71.38,,,,,$416.22
C Express,0300041,762933260,05865461,08715348,2025-01-25 00:00:00,2025-01-13 00:00:00,COLUMBUS OH,KANSAS CITY MO,"2,418 LB",$730.72,$151.26,,,,,$881.98
CARRIER C EXPRESS,0300033,077652947,96211769,15030804,2025-01-22 00:00:00,2025-01-12 00:00:00,CHICAGO IL,CHARLOTTE NC,"1,035 LB",$331.41,$68.60,,,,,$400.01
Carrier C Exp.,0300034,945155118,57088502,55512481,2025-01-23 00:00:00,2025-01-07 00:00:00,DALLAS TX,PITTSBURGH PA,850 LB,$498.27,$103.14,,,,,$601.41
Carrier C Exp.,0300039,213823877,13625307,88834718,2025-01-24 00:00:00,2025-01-15 00:00:00,DALLAS TX,CHARLOTTE NC,"2,610 LB",$996.24,$206.22,,,,,"$1,202.46"
CARRIER C EXPRESS,0300051,161006673,34207802,06806935,2025-01-27 00:00:00,2025-01-17 00:00:00,COLUMBUS OH,INDIANAPOLIS IN,349 LB,$110.20,$22.77,,,,,$132.97
C Express,0300045,862675441,96894401,15173840,2025-01-26 00:00:00,2025-01-03 00:00:00,COLUMBUS OH,LOS ANGELES CA,"1,087 LB","$1,021.78",$211.51,,,,,"$1,233.29"
C Express,0300050,148532513,BOL-45736347,50948844,2025-01-27 00:00:00,2025-01-15 00:00:00,CHICAGO IL,NASHVILLE TN,"1,049 LB",$252.18,$54.34,,,,,$306.52
C Express,0300043,540108933,21217818,69698201,2025-01-25 00:00:00,2025-01-14 00:00:00,CHICAGO IL,NASHVILLE TN,262 LB,$110.00,$22.77,,,,,$132.77
CARRIER C EXPRESS,0300047,480358940,96501183,34256718,2025-01-26 00:00:00,2025-01-10 00:00:00,COLUMBUS OH,KANSAS CITY MO,374 LB,$179.52,$37.16,,,,,$216.68
C Express,0300042,305828655,69799193,38186133,2025-01-25 00:00:00,2025-01-13 00:00:00,MEMPHIS TN,ST. LOUIS MO,"2,102 LB",$333.38,$69.01,RESIDENTIAL,$125.00,,,$527.39
CARRIER C EXPRESS,0300044,377012137,64072499,67554754,2025-01-25 00:00:00,2025-01-15 00:00:00,COLUMBUS OH,MINNEAPOLIS MN,845 LB,$329.59,$68.51,,,,,$398.10
C Express,0300036,432269996,25821858,85741686,2025-01-23 00:00:00,2025-01-14 00:00:00,COLUMBUS OH,MINNEAPOLIS MN,"2,811 LB",$812.94,$168.28,,,,,$981.22
CARRIER C EXPRESS,0300035,208019708,78276925,86939437,2025-01-23 00:00:00,2025-01-11 00:00:00,COLUMBUS OH,MINNEAPOLIS MN,"1,196 LB",$406.88,$84.22,,,,,$491.10
C Express,0300052,512254668,40532538,12503825,2025-01-28 00:00:00,2025-01-20 00:00:00,ATLANTA GA,PHOENIX AZ,"1,704 LB","$1,321.80",$273.61,,,,,"$1,595.41"
Carrier C Exp.,0300055,739125713,4917 5183,31500211,2025-01-30 00:00:00,2025-01-20 00:00:00,ATLANTA GA,PHOENIX AZ,"1,904 LB","$1,322.35",$273.61,,,,,"$1,595.96"
C Express,0300053,738722100,02207953,56832037,2025-01-30 00:00:00,2025-01-10 00:00:00,ATLANTA GA,MINNEAPOLIS MN,"1,195 LB",$551.73,$114.21,,,,,$665.94
CARRIER C EXPRESS,0300048,868716333,8924 4463,77371219,2025-01-26 00:00:00,2025-01-15 00:00:00,DALLAS TX,PITTSBURGH PA,712 LB,$417.37,$86.40,,,,,$503.77
CARRIER C EXPRESS,0300049,679571019,BOL-57945490,35568015,2025-01-27 00:00:00,2025-01-15 00:00:00,CHICAGO IL,ORLANDO FL,"1,862 LB",$813.80,$168.46,,,,,$982.26
Carrier C Exp.,0300057,321437071,45910720,66947613,2025-01-31 00:00:00,2025-01-06 00:00:00,ATLANTA GA,PHOENIX AZ,847 LB,$757.30,$156.76,,,,,$914.06
Carrier C Exp.,0300046,276948867,75902796,98238684,2025-01-26 00:00:00,2025-01-09 00:00:00,ATLANTA GA,DETROIT MI,"7,500 LB","$1,811.25",$407.35,,,,,"$2,218.60"
