invoice_number,pro_number,bill_of_lading,doc_id,invoice_date,ship_date,origin_city,dest_city,weight_cwt,charge_code,amount,invoice_type,supersedes
0600189,237436447,77925078,25298494,2025-04-29,2025-04-10,Columbus,New York,303.97,LH,1279.04,original,
0600189,237436447,77925078,25298494,2025-04-29,2025-04-10,Columbus,New York,303.97,FSC,216.12,original,
0600196,129813056,6243-5710,88852050,2025-05-01,2025-04-22,Chicago,St. Louis,346.75,LH,713.57,original,
0600196,129813056,6243-5710,88852050,2025-05-01,2025-04-22,Chicago,St. Louis,346.75,FSC,120.12,original,
0600193,525616620,BOL#67090261,85189040,2025-04-30,2025-04-20,Columbus,Miami,399.84,LH,2815.48,original,
0600193,525616620,BOL#67090261,85189040,2025-04-30,2025-04-20,Columbus,Miami,399.84,FSC,447.77,original,
0600193,525616620,BOL#67090261,85189040,2025-04-30,2025-04-20,Columbus,Miami,399.84,DETENTION,75.00,original,
0600194,212889877,95898919,10539980,2025-05-01,2025-04-02,Atlanta,Minneapolis,159.92,LH,2402.33,original,
0600194,212889877,95898919,10539980,2025-05-01,2025-04-02,Atlanta,Minneapolis,159.92,FSC,421.04,original,
0600191,356288297,1064-0204,12873027,2025-04-30,2025-04-10,Dallas,Seattle,262.32,LH,4876.30,original,
0600191,356288297,1064-0204,12873027,2025-04-30,2025-04-10,Dallas,Seattle,262.32,FSC,762.68,original,
0600192,779799399,31033526,35002966,2025-04-30,2025-04-19,Columbus,New York,166.02,LH,1279.04,original,
0600192,779799399,31033526,35002966,2025-04-30,2025-04-19,Columbus,New York,166.02,FSC,214.32,original,
0600200,475652592,44221573,55332596,2025-05-03,2025-04-24,Dallas,Seattle,376.60,LH,4876.30,original,
0600200,475652592,44221573,55332596,2025-05-03,2025-04-24,Dallas,Seattle,376.60,FSC,768.39,original,
0600202,354852403,16014204,89172522,2025-05-04,2025-04-15,Columbus,Louisville,317.04,LH,531.18,original,
0600202,354852403,16014204,89172522,2025-05-04,2025-04-15,Columbus,Louisville,317.04,FSC,85.20,original,
0600202,354852403,16014204,89172522,2025-05-04,2025-04-15,Columbus,Louisville,317.04,DETENTION,150.00,original,
0600199,395755899,18402990,93884223,2025-05-03,2025-04-21,Chicago,St. Louis,234.84,LH,710.95,original,
0600199,395755899,18402990,93884223,2025-05-03,2025-04-21,Chicago,St. Louis,234.84,FSC,119.76,original,
0600197,382145345,80524822,07826421,2025-05-02,2025-04-24,Dallas,Seattle,169.79,LH,4876.30,original,
0600197,382145345,80524822,07826421,2025-05-02,2025-04-24,Dallas,Seattle,169.79,FSC,768.39,original,
0600198,144385225,19309253,10874918,2025-05-03,2025-04-17,Chicago,Denver,171.02,LH,2457.46,original,
0600198,144385225,19309253,10874918,2025-05-03,2025-04-17,Chicago,Denver,171.02,FSC,413.62,original,
0600195,991073879,55519821,82508830,2025-05-01,2025-04-11,Columbus,Kansas City,309.32,LH,1694.04,original,
0600195,991073879,55519821,82508830,2025-05-01,2025-04-11,Columbus,Kansas City,309.32,FSC,281.23,original,
0600207,445617393,98018077,39426169,2025-05-07,2025-04-27,Atlanta,Indianapolis,165.75,LH,1231.20,original,
0600207,445617393,98018077,39426169,2025-05-07,2025-04-27,Atlanta,Indianapolis,165.75,FSC,195.62,original,
0600206,239340661,88478090,43950390,2025-05-07,2025-04-19,Chicago,Miami,251.02,LH,3432.00,original,
0600206,239340661,88478090,43950390,2025-05-07,2025-04-19,Chicago,Miami,251.02,FSC,536.73,original,
0600205,339989087,BOL#38243445,88858598,2025-05-07,2025-04-18,Memphis,Pittsburgh,238.60,LH,2096.54,original,
0600205,339989087,BOL#38243445,88858598,2025-05-07,2025-04-18,Memphis,Pittsburgh,238.60,FSC,296.89,original,
0600201,603843567,33064233,14386455,2025-05-04,2025-04-11,Columbus,Phoenix,199.95,LH,4710.56,original,
0600201,603843567,33064233,14386455,2025-05-04,2025-04-11,Columbus,Phoenix,199.95,FSC,755.49,original,
0600203,122311769,75665626,15895922,2025-05-05,2025-04-23,Dallas,Pittsburgh,411.41,LH,3104.86,original,
0600203,122311769,75665626,15895922,2025-05-05,2025-04-23,Dallas,Pittsburgh,411.41,FSC,489.25,original,
0600210,745457478,38575854,01063950,2025-05-09,2025-05-01,Memphis,Orlando,171.15,LH,1918.80,original,
0600210,745457478,38575854,01063950,2025-05-09,2025-05-01,Memphis,Orlando,171.15,FSC,313.24,original,
0600204,914884855,54904479,04830637,2025-05-05,2025-04-29,Chicago,Louisville,155.03,LH,784.89,original,
0600204,914884855,54904479,04830637,2025-05-05,2025-04-29,Chicago,Louisville,155.03,FSC,123.39,original,
0600204,914884855,54904479,04830637,2025-05-05,2025-04-29,Chicago,Louisville,155.03,DETENTION,300.00,original,
0600214,281106553,57885554,42572009,2025-05-11,2025-05-06,Atlanta,Philadelphia,343.11,LH,1763.58,original,
0600214,281106553,57885554,42572009,2025-05-11,2025-05-06,Atlanta,Philadelphia,343.11,FSC,308.69,original,
0600214,281106553,57885554,42572009,2025-05-11,2025-05-06,Atlanta,Philadelphia,343.11,DETENTION,150.00,original,
0600213,822570377,7387-0165,56896754,2025-05-11,2025-04-29,Dallas,Pittsburgh,361.83,LH,3104.86,original,
0600213,822570377,7387-0165,56896754,2025-05-11,2025-04-29,Dallas,Pittsburgh,361.83,FSC,490.11,original,
0600216,728403612,62985019,93694807,2025-05-12,2025-05-04,Columbus,Louisville,317.02,LH,531.18,original,
0600216,728403612,62985019,93694807,2025-05-12,2025-05-04,Columbus,Louisville,317.02,FSC,86.71,original,
0600209,431530958,61333563,07172298,2025-05-09,2025-04-26,Memphis,Pittsburgh,151.13,LH,1866.76,original,
0600209,431530958,61333563,07172298,2025-05-09,2025-04-26,Memphis,Pittsburgh,151.13,FSC,301.63,original,
0600212,562912272,96584524,54370164,2025-05-11,2025-04-25,Dallas,Pittsburgh,349.94,LH,3097.08,original,
0600212,562912272,96584524,54370164,2025-05-11,2025-04-25,Dallas,Pittsburgh,349.94,FSC,489.25,original,
0600208,866062621,47203444,78086591,2025-05-09,2025-04-25,Columbus,Detroit,252.44,LH,451.13,original,
0600208,866062621,47203444,78086591,2025-05-09,2025-04-25,Columbus,Detroit,252.44,FSC,75.12,original,
0600211,709186388,76550259,82324077,2025-05-10,2025-04-20,Chicago,Miami,205.05,LH,3432.00,original,
0600211,709186388,76550259,82324077,2025-05-10,2025-04-20,Chicago,Miami,205.05,FSC,536.73,original,
0600220,114823635,29245222,36537424,2025-05-14,2025-05-02,Memphis,Orlando,298.42,LH,1918.80,original,
0600220,114823635,29245222,36537424,2025-05-14,2025-05-02,Memphis,Orlando,298.42,FSC,313.24,original,
0600219,713003943,08570303,40808690,2025-05-14,2025-04-23,Chicago,Miami,349.21,LH,3432.00,original,
0600219,713003943,08570303,40808690,2025-05-14,2025-04-23,Chicago,Miami,349.21,FSC,545.31,original,
0600226,189743249,17857099,95514049,2025-05-15,2025-05-08,Memphis,Pittsburgh,325.34,LH,1866.76,original,
0600226,189743249,17857099,95514049,2025-05-15,2025-05-08,Memphis,Pittsburgh,325.34,FSC,305.99,original,
0600215,180595386,BOL#51527736,07814595,2025-05-12,2025-04-28,Columbus,Los Angeles,344.90,LH,5564.80,original,
0600215,180595386,BOL#51527736,07814595,2025-05-12,2025-04-28,Columbus,Los Angeles,344.90,FSC,1072.58,original,
0600215,180595386,BOL#51527736,07814595,2025-05-12,2025-04-28,Columbus,Los Angeles,344.90,DETENTION,75.00,original,
0600225,666306170,83220178,55225753,2025-05-15,2025-05-03,Atlanta,Minneapolis,394.67,LH,2408.90,original,
0600225,666306170,83220178,55225753,2025-05-15,2025-05-03,Atlanta,Minneapolis,394.67,FSC,416.38,original,
0600221,798546729,53762017,78740966,2025-05-14,2025-05-02,Dallas,Phoenix,312.75,LH,2355.42,original,
0600221,798546729,53762017,78740966,2025-05-14,2025-05-02,Dallas,Phoenix,312.75,FSC,405.30,original,
0600222,424932432,BOL-18672422,69654936,2025-05-14,2025-05-04,Columbus,New York,287.68,LH,1279.04,original,
0600222,424932432,BOL-18672422,69654936,2025-05-14,2025-05-04,Columbus,New York,287.68,FSC,218.12,original,
0600217,168443590,08358647,75750781,2025-05-12,2025-05-07,Chicago,Louisville,161.27,LH,784.89,original,
0600217,168443590,08358647,75750781,2025-05-12,2025-05-07,Chicago,Louisville,161.27,FSC,124.95,original,
0600229,325191439,17573217,97184455,2025-05-17,2025-03-21,Columbus,Louisville,154.05,LH,531.18,original,
0600229,325191439,17573217,97184455,2025-05-17,2025-03-21,Columbus,Louisville,154.05,FSC,88.83,original,
0600218,953736768,85831960,34649285,2025-05-13,2025-04-23,Dallas,Seattle,358.73,LH,4872.51,original,
0600218,953736768,85831960,34649285,2025-05-13,2025-04-23,Dallas,Seattle,358.73,FSC,770.01,original,
0600231,945508286,16176367,59156336,2025-05-17,2025-05-01,Chicago,Miami,393.18,LH,3432.00,original,
0600231,945508286,16176367,59156336,2025-05-17,2025-05-01,Chicago,Miami,393.18,FSC,546.26,original,
0600231,945508286,16176367,59156336,2025-05-17,2025-05-01,Chicago,Miami,393.18,DETENTION,150.00,original,
0600228,047671378,36337289,24210833,2025-05-16,2025-04-28,Dallas,Pittsburgh,182.54,LH,3104.86,original,
0600228,047671378,36337289,24210833,2025-05-16,2025-04-28,Dallas,Pittsburgh,182.54,FSC,490.11,original,
0600230,910725449,73415826,42582294,2025-05-17,2025-04-30,Columbus,Phoenix,285.65,LH,4710.56,original,
0600230,910725449,73415826,42582294,2025-05-17,2025-04-30,Columbus,Phoenix,285.65,FSC,762.47,original,
0600224,005469498,03481941,57389342,2025-05-15,2025-05-02,Columbus,Phoenix,217.60,LH,4710.56,original,
0600224,005469498,03481941,57389342,2025-05-15,2025-05-02,Columbus,Phoenix,217.60,FSC,763.32,original,
0600224,005469498,03481941,57389342,2025-05-15,2025-05-02,Columbus,Phoenix,217.60,DETENTION,150.00,original,
0600227,472882478,79465062,92016147,2025-05-16,2025-04-25,Columbus,Los Angeles,416.33,LH,5564.80,original,
0600227,472882478,79465062,92016147,2025-05-16,2025-04-25,Columbus,Los Angeles,416.33,FSC,903.00,original,
0600227,472882478,79465062,92016147,2025-05-16,2025-04-25,Columbus,Los Angeles,416.33,DETENTION,300.00,original,
0600223,135818260,29821896,51559298,2025-05-15,2025-05-01,Columbus,Kansas City,222.12,LH,1694.57,original,
0600223,135818260,29821896,51559298,2025-05-15,2025-05-01,Columbus,Kansas City,222.12,FSC,283.83,original,
0600233,337769342,56423159,28643951,2025-05-17,2025-05-11,Memphis,Pittsburgh,250.21,LH,1866.76,original,
0600233,337769342,56423159,28643951,2025-05-17,2025-05-11,Memphis,Pittsburgh,250.21,FSC,305.99,original,
0600233,337769342,56423159,28643951,2025-05-17,2025-05-11,Memphis,Pittsburgh,250.21,DETENTION,225.00,original,
0600232,778681868,BOL-76387361,54316721,2025-05-17,2025-05-04,Chicago,Denver,385.72,LH,2464.11,original,
0600232,778681868,BOL-76387361,54316721,2025-05-17,2025-05-04,Chicago,Denver,385.72,FSC,494.71,original,
0600238,091128553,20187007,29416255,2025-05-20,2025-04-24,Dallas,St. Louis,218.12,LH,1458.54,original,
0600238,091128553,20187007,29416255,2025-05-20,2025-04-24,Dallas,St. Louis,218.12,FSC,250.54,original,
0600234,333697345,61330737,32865657,2025-05-18,2025-04-30,Dallas,Pittsburgh,388.74,LH,3104.86,original,
0600234,333697345,61330737,32865657,2025-05-18,2025-04-30,Dallas,Pittsburgh,388.74,FSC,490.11,original,
0600246,475082508,47851667,17845600,2025-05-23,2025-05-16,Columbus,Kansas City,299.28,LH,1694.04,original,
0600246,475082508,47851667,17845600,2025-05-23,2025-05-16,Columbus,Kansas City,299.28,FSC,291.13,original,
0600241,061797188,88699162,38764144,2025-05-20,2025-05-12,Atlanta,Philadelphia,159.36,LH,1763.58,original,
0600241,061797188,88699162,38764144,2025-05-20,2025-05-12,Atlanta,Philadelphia,159.36,FSC,312.68,original,
0600236,590642281,45020880,41698439,2025-05-19,2025-05-05,Columbus,Salt Lake City,156.43,LH,4072.32,original,
0600236,590642281,45020880,41698439,2025-05-19,2025-05-05,Columbus,Salt Lake City,156.43,FSC,703.26,original,
0600239,030658616,49510940,67998849,2025-05-20,2025-05-09,Memphis,Pittsburgh,319.19,LH,1866.76,original,
0600239,030658616,49510940,67998849,2025-05-20,2025-05-09,Memphis,Pittsburgh,319.19,FSC,305.99,original,
0600240,301677754,45636093,05395985,2025-05-20,2025-05-09,Chicago,Denver,168.77,LH,2457.46,original,
0600240,301677754,45636093,05395985,2025-05-20,2025-05-09,Chicago,Denver,168.77,FSC,426.29,original,
0600235,067481547,0334 7310,09281266,2025-05-19,2025-04-16,Atlanta,Minneapolis,355.14,LH,2408.90,original,
0600235,067481547,0334 7310,09281266,2025-05-19,2025-04-16,Atlanta,Minneapolis,355.14,FSC,409.11,original,
0600244,101946660,47821132,24702402,2025-05-21,2025-05-15,Columbus,Kansas City,274.79,LH,1694.04,original,
0600244,101946660,47821132,24702402,2025-05-21,2025-05-15,Columbus,Kansas City,274.79,FSC,291.13,original,
0600248,069225684,23726369,42755917,2025-05-24,2025-05-11,Dallas,Pittsburgh,313.44,LH,3104.86,original,
0600248,069225684,23726369,42755917,2025-05-24,2025-05-11,Dallas,Pittsburgh,313.44,FSC,496.31,original,
0600243,215359568,bol-79850899,72164766,2025-05-21,2025-05-07,Chicago,Louisville,184.08,LH,784.89,original,
0600243,215359568,bol-79850899,72164766,2025-05-21,2025-05-07,Chicago,Louisville,184.08,FSC,124.95,original,
0600242,562912272,96584524,77577678,2025-05-20,2025-04-25,Dallas,Pittsburgh,349.94,LH,3097.08,original,
0600242,562912272,96584524,77577678,2025-05-20,2025-04-25,Dallas,Pittsburgh,349.94,FSC,489.25,original,
0600249,556730786,96560829,90835393,2025-05-24,2025-05-17,Dallas,Pittsburgh,313.62,LH,3104.86,original,
0600249,556730786,96560829,90835393,2025-05-24,2025-05-17,Dallas,Pittsburgh,313.62,FSC,502.72,original,
0600237,971191198,9275 5333,91409621,2025-05-19,2025-05-12,Dallas,Phoenix,319.12,LH,2355.42,original,
0600237,971191198,9275 5333,91409621,2025-05-19,2025-05-12,Dallas,Phoenix,319.12,FSC,415.74,original,
0600245,757106430,47509668,98259866,2025-05-23,2025-04-30,Memphis,Orlando,295.67,LH,1918.80,original,
0600245,757106430,47509668,98259866,2025-05-23,2025-04-30,Memphis,Orlando,295.67,FSC,313.24,original,
0600251,166526343,28501771,45217026,2025-05-25,2025-05-19,Columbus,Louisville,157.64,LH,532.43,original,
0600251,166526343,28501771,45217026,2025-05-25,2025-05-19,Columbus,Louisville,157.64,FSC,91.82,original,
0600250,549541408,87304471,59261323,2025-05-25,2025-05-11,Atlanta,Philadelphia,157.31,LH,1763.58,original,
0600250,549541408,87304471,59261323,2025-05-25,2025-05-11,Atlanta,Philadelphia,157.31,FSC,308.69,original,
0600250,549541408,87304471,59261323,2025-05-25,2025-05-11,Atlanta,Philadelphia,157.31,DETENTION,75.00,original,
0600247,290798693,99861412,40787812,2025-05-24,2025-05-10,Columbus,Phoenix,409.16,LH,4710.56,original,
0600247,290798693,99861412,40787812,2025-05-24,2025-05-10,Columbus,Phoenix,409.16,FSC,772.12,original,
0600254,964477655,35326319,75093575,2025-05-27,2025-05-12,Columbus,Detroit,409.23,LH,451.13,original,
0600254,964477655,35326319,75093575,2025-05-27,2025-05-12,Columbus,Detroit,409.23,FSC,77.19,original,
0600252,961504870,3274-7289,92335272,2025-05-26,2025-05-11,Dallas,Phoenix,281.33,LH,2364.75,original,
0600252,961504870,3274-7289,92335272,2025-05-26,2025-05-11,Dallas,Phoenix,281.33,FSC,410.43,original,
0600252,961504870,3274-7289,92335272,2025-05-26,2025-05-11,Dallas,Phoenix,281.33,DETENTION,150.00,original,
0600258,345211233,20584310,69866847,2025-05-30,2025-05-24,Columbus,Louisville,206.55,LH,531.18,original,
0600258,345211233,20584310,69866847,2025-05-30,2025-05-24,Columbus,Louisville,206.55,FSC,91.82,original,
0600255,342499318,89716222,93262208,2025-05-27,2025-05-18,Dallas,Seattle,412.04,LH,4876.30,original,
0600255,342499318,89716222,93262208,2025-05-27,2025-05-18,Dallas,Seattle,412.04,FSC,789.54,original,
0600253,218631770,39515048,12713326,2025-05-26,2025-05-13,Columbus,Phoenix,160.14,LH,4710.56,original,
0600253,218631770,39515048,12713326,2025-05-26,2025-05-13,Columbus,Phoenix,160.14,FSC,782.10,original,
