Invoice No,Pro #,BOL,EDI Ctrl #,Inv Date,Ship Date,Origin,Dest,Weight (lbs),Linehaul,Fuel Surcharge,Acc1 Code,Acc1 Amt,Acc2 Code,Acc2 Amt,Total
0500650,207145330,35626449,03085769,06/30/2025,06/19/2025,"Columbus, OH","Kansas City, MO",1400,540.17,116.68,,,,,656.85
0500632,986920346,67578836,59674567,06/26/2025,06/17/2025,"Memphis, TN","Charlotte, NC",1769,539.60,116.55,RESIDENTIAL,125.00,,,781.15
0500646,947205882,62419156,65349660,06/29/2025,06/12/2025,"Chicago, IL","Denver, CO",920,499.80,107.96,,,,,607.76
0500655,629994037,57185869,00666212,07/01/2025,06/18/2025,"Atlanta, GA","St. Louis, MO",2087,533.85,115.31,,,,,649.16
0500651,363243900,51108776,03546863,07/01/2025,06/01/2025,"Chicago, IL","Phoenix, AZ",2956,1862.58,402.32,,,,,2264.90
0500639,159225067,64354056,22630935,06/27/2025,06/21/2025,"Memphis, TN","Orlando, FL",1112,416.11,89.88,,,,,505.99
0500643,910938248,47521205,24926483,06/28/2025,06/10/2025,"Columbus, OH","St. Louis, MO",1404,357.18,77.15,,,,,434.33
0500648,760411775,2633 0309,40474745,06/30/2025,05/20/2025,"Dallas, TX","Louisville, KY",553,265.83,57.42,,,,,323.25
0500656,328508072,42551917,41060672,07/01/2025,06/19/2025,"Chicago, IL","Seattle, WA",1834,1491.80,322.23,,,,,1814.03
0500635,037081901,43349818,80732972,06/27/2025,06/14/2025,"Chicago, IL","Phoenix, AZ",661,563.57,121.73,,,,,685.30
0500642,631916178,31290143,67459321,06/28/2025,06/10/2025,"Dallas, TX","Charlotte, NC",1095,518.37,111.97,,,,,630.34
0500647,959925934,74638494,03995967,06/29/2025,06/19/2025,"Chicago, IL","Denver, CO",1359,677.82,146.71,,,,,824.53
0500670,344823213,56909488,06818789,07/04/2025,06/17/2025,"Columbus, OH","Louisville, KY",452,110.00,23.76,,,,,133.76
0500663,820406007,99879965,13286494,07/03/2025,06/16/2025,"Atlanta, GA","St. Louis, MO",275,111.73,24.17,,,,,135.90
0500662,614674283,69576059,35873085,07/03/2025,06/14/2025,"Columbus, OH","Kansas City, MO",2730,830.47,179.38,,,,,1009.85
0500668,897238424,57324235,47825271,07/03/2025,06/25/2025,"Memphis, TN","St. Louis, MO",6030,853.85,192.12,,,,,1045.97
0500658,069982130,00547373,64364411,07/02/2025,06/05/2025,"Columbus, OH","Minneapolis, MN",1569,558.56,115.62,RESIDENTIAL,125.00,,,799.18
0500671,102087154,40770829,73357161,07/04/2025,06/25/2025,"Memphis, TN","St. Louis, MO",854,193.17,43.46,LIFTGATE,95.00,,,331.63
0500657,163583447,49594500,74675029,07/01/2025,06/23/2025,"Atlanta, GA","Detroit, MI",1827,619.00,139.28,,,,,758.28
0500664,180082505,73912705,94151443,07/03/2025,06/19/2025,"Chicago, IL","Denver, CO",613,352.29,76.09,,,,,428.38
0500673,784853069,90928545,19858449,07/05/2025,06/12/2025,"Atlanta, GA","Phoenix, AZ",326,345.10,74.54,,,,,419.64
0500653,537648998,74376176,24617310,07/01/2025,06/13/2025,"Chicago, IL","Indianapolis, IN",2417,320.01,69.12,,,,,389.13
0500661,818377572,6396-9961,31325269,07/03/2025,06/11/2025,"Dallas, TX","Charlotte, NC",1091,516.48,111.56,,,,,628.04
0500669,040515031-BD,56167469,33205281,07/03/2025,06/06/2025,"Dallas, TX","Louisville, KY",1392,,,LIFTGATE,95.00,,,95.00
0500659,594620556,05979375,14567737,07/02/2025,06/15/2025,"Dallas, TX","Louisville, KY",785,377.35,81.51,,,,,458.86
0500678,006940326,29701847,30792874,07/06/2025,06/10/2025,"Chicago, IL","Phoenix, AZ",1774,1260.20,272.20,,,,,1532.40
0500677,376769692,92334282,42007360,07/06/2025,06/09/2025,"Chicago, IL","Denver, CO",338,228.05,49.26,,,,,277.31
0500652,529603711,78831223,52564312,07/01/2025,06/08/2025,"Atlanta, GA","Detroit, MI",1434,522.12,108.08,,,,,630.20
0500654,083561847,86351363,55878050,07/01/2025,06/14/2025,"Columbus, OH","Minneapolis, MN",859,351.67,75.96,,,,,427.63
0500675,778222966,72162797,73620076,07/05/2025,06/28/2025,"Memphis, TN","St. Louis, MO",1217,239.38,53.86,,,,,293.24
0500666,234300470,23586847,98398556,07/03/2025,06/23/2025,"Columbus, OH","Louisville, KY",458,110.00,24.75,,,,,134.75
0500676,465546520,03144415,28528810,07/06/2025,06/08/2025,"Memphis, TN","Orlando, FL",2139,680.42,140.85,,,,,821.27
0500665,219705894,63716964,43671206,07/03/2025,06/23/2025,"Memphis, TN","Orlando, FL",4379,1347.50,303.19,LIFTGATE,95.00,,,1745.69
0500680,174981593,79324429,93586259,07/06/2025,06/21/2025,"Dallas, TX","Louisville, KY",632,304.89,65.49,,,,,370.38
0500667,236201134,10214301,96728410,07/03/2025,06/24/2025,"Columbus, OH","Louisville, KY",3855,567.46,127.68,,,,,695.14
0500679,161993203,09291493,63166438,07/06/2025,06/15/2025,"Atlanta, GA","Phoenix, AZ",2377,1584.27,342.20,,,,,1926.47
0500660,598622113,52678236,76077843,07/03/2025,06/08/2025,"Chicago, IL","St. Louis, MO",916,190.80,39.50,,,,,230.30
0500687,708561544,65823152,00131827,07/09/2025,06/26/2025,"Atlanta, GA","Phoenix, AZ",1155,905.64,203.77,,,,,1109.41
0500685,656618837,77080752,04220951,07/09/2025,06/19/2025,"Memphis, TN","Boston, MA",849,590.05,127.45,,,,,717.50
0500682,940826125,BOL-13829195,12015364,07/07/2025,06/28/2025,"Memphis, TN","St. Louis, MO",1656,325.74,73.29,,,,,399.03
0500672,780165473,52507979,09544087,07/05/2025,06/09/2025,"Dallas, TX","Louisville, KY",2623,931.95,201.30,LIFTGATE,95.00,,,1228.25
0500689,543823311,BOL-59522271,16116420,07/09/2025,06/27/2025,"Chicago, IL","Phoenix, AZ",1140,845.08,190.14,,,,,1035.22
0500683,913134866,bol-86689926,39043170,07/07/2025,06/28/2025,"Dallas, TX","Charlotte, NC",2690,1082.46,243.55,,,,,1326.01
0500674,613560670,BOL#73946188,75454185,07/05/2025,06/26/2025,"Columbus, OH","Boston, MA",594,252.33,56.77,,,,,309.10
0500681,630894936,76172917,94817336,07/07/2025,06/23/2025,"Chicago, IL","St. Louis, MO",830,182.19,40.99,,,,,223.18
0500699,594001600,70365663,09971472,07/11/2025,06/21/2025,"Atlanta, GA","Phoenix, AZ",552,497.74,107.51,,,,,605.25
0500690,509784430,90918622,55934726,07/10/2025,06/20/2025,"Chicago, IL","St. Louis, MO",1487,283.72,61.28,,,,,345.00
0500684,400077395,49610893,61631913,07/08/2025,06/17/2025,"Columbus, OH","Minneapolis, MN",459,204.70,44.22,,,,,248.92
0500706,969355148,34522172,05292963,07/12/2025,06/27/2025,"Chicago, IL","Phoenix, AZ",1499,1111.21,250.02,RESIDENTIAL,125.00,,,1486.23
0500703,911833171,23944318,05562722,07/12/2025,05/25/2025,"Memphis, TN","Orlando, FL",1194,473.32,102.24,,,,,575.56
0500700,854421727,22567999,45237589,07/11/2025,06/25/2025,"Chicago, IL","Miami, FL",873,589.00,132.53,RESIDENTIAL,125.00,,,846.53
0500695,481109901,55152448,52738440,07/10/2025,07/03/2025,"Memphis, TN","Nashville, TN",4594,615.00,138.38,,,,,753.38
0500692,179612545,85576306,69914989,07/10/2025,06/25/2025,"Columbus, OH","Boston, MA",2852,895.53,201.49,,,,,1097.02
0500691,111262851,45577044,71750163,07/10/2025,06/22/2025,"Columbus, OH","Louisville, KY",7500,935.25,202.01,,,,,1137.26
0500688,364040693,BOL#88495848,25682263,07/09/2025,06/26/2025,"Chicago, IL","Denver, CO",816,468.96,105.52,LIFTGATE,95.00,,,669.48
0500686,507995053,09366133,31073091,07/09/2025,06/24/2025,"Atlanta, GA","Detroit, MI",984,364.10,81.92,,,,,446.02
0500693,947495028,01868492,50011617,07/10/2025,06/27/2025,"Chicago, IL","Indianapolis, IN",719,128.84,28.99,RESIDENTIAL,125.00,,,282.83
0500701,745646504,bol-36702858,66904490,07/11/2025,06/26/2025,"Columbus, OH","Minneapolis, MN",801,327.93,73.78,,,,,401.71
0500694,328125907,49673134,99750193,07/10/2025,06/28/2025,"Columbus, OH","Minneapolis, MN",1183,421.15,94.76,LIFTGATE,95.00,,,610.91
0500697,420230454,74423958,05532541,07/11/2025,06/17/2025,"Memphis, TN","Boston, MA",3723,1909.74,414.30,,,,,2324.04
0500696,150325501,31017451,27197477,07/11/2025,06/06/2025,"Atlanta, GA","Minneapolis, MN",868,499.53,103.40,LIFTGATE,95.00,,,697.93
0500708,686298907,27649063,61280997,07/12/2025,07/04/2025,"Memphis, TN","St. Louis, MO",1622,319.05,71.79,,,,,390.84
0500713,488641839,bol-95242271,68718656,07/15/2025,06/29/2025,"Memphis, TN","Orlando, FL",589,253.51,57.04,,,,,310.55
0500702,765881282,36733970,70611265,07/11/2025,06/29/2025,"Memphis, TN","St. Louis, MO",4373,708.00,159.30,,,,,867.30
0500709,942678325,10683106,44081240,07/13/2025,07/04/2025,"Dallas, TX","Louisville, KY",1606,688.01,154.80,,,,,842.81
0500698,598126226,72855850,97153561,07/11/2025,06/19/2025,"Chicago, IL","Indianapolis, IN",1692,263.61,56.94,,,,,320.55
0500707,253141220,79617449,09275223,07/12/2025,06/28/2025,"Atlanta, GA","Phoenix, AZ",1721,1443.47,324.78,,,,,1768.25
0500705,566500284,92716252,09725273,07/12/2025,06/23/2025,"Chicago, IL","Phoenix, AZ",226,226.18,50.89,,,,,277.07
0500704,310519018,20900347,16971878,07/12/2025,06/20/2025,"Atlanta, GA","St. Louis, MO",1748,511.60,110.51,LIFTGATE,95.00,,,717.11
0500716,731742233,33299627,55151178,07/16/2025,06/02/2025,"Chicago, IL","Phoenix, AZ",873,741.30,153.45,LIFTGATE,95.00,,,989.75
0500722,465588336,40606736,67248506,07/17/2025,07/01/2025,"Memphis, TN","Boston, MA",1708,971.60,218.61,RESIDENTIAL,125.00,,,1315.21
0500710,533940979,9359 7466,71474264,07/14/2025,04/23/2025,"Dallas, TX","Louisville, KY",4159,1477.69,305.88,,,,,1783.57
0500711,491723823,43766742,78634291,07/14/2025,06/21/2025,"Columbus, OH","St. Louis, MO",680,198.90,42.96,LIFTGATE,95.00,,,336.86
0500721,894208867,99126523,91872873,07/17/2025,06/28/2025,"Columbus, OH","St. Louis, MO",1459,371.17,83.51,RESIDENTIAL,125.00,,,579.68
0500712,207145330-C,35626449,96743552,07/14/2025,06/19/2025,"Columbus, OH","Kansas City, MO",1400,501.06,108.23,,,,,609.29
0500715,161530384,73782371,00294874,07/15/2025,07/02/2025,"Atlanta, GA","Detroit, MI",485,209.35,47.10,,,,,256.45
0500714,566552591,77093858,09609179,07/15/2025,07/01/2025,"Atlanta, GA","Phoenix, AZ",1147,958.32,215.62,,,,,1173.94
0500719,542272885,42506942,74164488,07/16/2025,07/06/2025,"Chicago, IL","St. Louis, MO",3007,485.92,109.74,,,,,595.66
0500718,954691744,52811778,96795684,07/16/2025,06/29/2025,"Atlanta, GA","Detroit, MI",1068,388.86,87.49,,,,,476.35
0500724,601006226,10259283,89501636,07/17/2025,07/05/2025,"Atlanta, GA","Minneapolis, MN",7500,2792.25,628.26,,,,,3420.51
0500731,997178148,bol-03400324,38878456,07/20/2025,07/09/2025,"Columbus, OH","St. Louis, MO",2509,542.45,122.05,,,,,664.50
0500730,363238592,92198388,43767533,07/20/2025,07/02/2025,"Atlanta, GA","Phoenix, AZ",1794,1420.40,319.59,,,,,1739.99
0500723,846252188,48402975,67842753,07/17/2025,07/04/2025,"Chicago, IL","Denver, CO",912,499.80,112.45,RESIDENTIAL,125.00,,,737.25
0500720,968890357,03220433,93628947,07/17/2025,06/26/2025,"Columbus, OH","Minneapolis, MN",941,356.00,80.10,,,,,436.10
0500728,570695915,39591964,17672226,07/19/2025,07/12/2025,"Memphis, TN","St. Louis, MO",1992,334.40,75.24,,,,,409.64
0500717,223422638,75141283,45914615,07/16/2025,06/21/2025,"Columbus, OH","Minneapolis, MN",2533,766.49,165.56,LIFTGATE,95.00,,,1027.05
0500725,781154466,74907405,05835631,07/17/2025,07/05/2025,"Dallas, TX","Louisville, KY",785,386.69,87.01,,,,,473.70
0500732,576802194,18051656,11726019,07/21/2025,07/05/2025,"Memphis, TN","Charlotte, NC",7500,1715.53,385.28,RESIDENTIAL,125.00,,,2225.81
0500726,378915921,42508253,25644371,07/19/2025,07/04/2025,"Memphis, TN","St. Louis, MO",347,110.00,24.75,,,,,134.75
0500733,174958434,BOL-76811845,27664597,07/21/2025,07/12/2025,"Chicago, IL","Indianapolis, IN",1033,160.94,36.21,,,,,197.15
0500727,349817126,29774742,45499197,07/19/2025,07/08/2025,"Memphis, TN","Charlotte, NC",4859,1143.00,257.18,,,,,1400.18
0500734,438830249,06021474,94040839,07/22/2025,06/29/2025,"Atlanta, GA","Detroit, MI",694,290.58,65.38,,,,,355.96
0500729,457509116,BOL-64857530,42524204,07/20/2025,06/28/2025,"Memphis, TN","Charlotte, NC",800,292.08,65.72,,,,,357.80
0500745,629760322,35047628,16048359,07/24/2025,07/13/2025,"Chicago, IL","Miami, FL",1486,875.25,196.93,RESIDENTIAL,125.00,,,1197.18
0500738,855767463,49121858,77963943,07/23/2025,07/06/2025,"Chicago, IL","Seattle, WA",977,927.70,208.73,,,,,1136.43
0500750,773215832,56557859,78965867,07/25/2025,07/14/2025,"Memphis, TN","Orlando, FL",1477,558.60,125.69,,,,,684.29
0500743,495131952,26952111,82011424,07/24/2025,07/05/2025,"Chicago, IL","Seattle, WA",2036,1605.39,361.21,,,,,1966.60
0500741,082190575,86584594,01406838,07/24/2025,07/02/2025,"Memphis, TN","Nashville, TN",1748,290.40,65.34,,,,,355.74
0500747,353215733,BOL-42157992,07190707,07/25/2025,07/04/2025,"Memphis, TN","Nashville, TN",505,110.00,24.75,LIFTGATE,95.00,,,229.75
0500735,963192588,73072097,16728271,07/22/2025,07/04/2025,"Columbus, OH","Boston, MA",638,285.19,64.17,,,,,349.36
0500737,272632297,55367488,50460409,07/23/2025,06/21/2025,"Chicago, IL","Miami, FL",1521,893.43,193.82,,,,,1087.25
0500740,871128661,63222351,54125286,07/23/2025,07/18/2025,"Columbus, OH","Louisville, KY",1203,208.36,46.88,,,,,255.24
0500736,177744327,55759145,68652840,07/22/2025,07/08/2025,"Dallas, TX","Charlotte, NC",791,430.70,96.91,,,,,527.61
0500739,506212259,99843540,15587860,07/23/2025,07/08/2025,"Memphis, TN","Nashville, TN",870,170.23,39.85,,,,,210.08
0500744,259617526,99614241,26145722,07/24/2025,07/12/2025,"Chicago, IL","Seattle, WA",1094,1014.90,228.35,LIFTGATE,95.00,,,1338.25
0500752,356918938,94057965,27582288,07/26/2025,06/30/2025,"Atlanta, GA","Detroit, MI",4976,1310.50,294.86,,,,,1605.36
0500755,617860087,BOL-77679835,29616229,07/27/2025,07/20/2025,"Columbus, OH","Minneapolis, MN",7500,1922.25,432.51,,,,,2354.76
0500764,826117280,36714116,39202944,07/28/2025,07/16/2025,"Chicago, IL","Phoenix, AZ",1459,1081.56,243.35,,,,,1324.91
0500760,072251014,81652769,51705666,07/28/2025,07/14/2025,"Memphis, TN","Charlotte, NC",1219,387.03,87.08,,,,,474.11
0500751,328903467,4659-4926,61545052,07/25/2025,07/17/2025,"Columbus, OH","Kansas City, MO",1272,479.04,107.78,LIFTGATE,95.00,,,681.82
0500742,371442339,37973082,55964202,07/24/2025,07/03/2025,"Columbus, OH","Minneapolis, MN",2654,804.47,181.16,,,,,985.63
0500746,900135943,10010434,70791676,07/24/2025,07/14/2025,"Dallas, TX","Charlotte, NC",1152,545.36,122.71,,,,,668.07
0500749,754865288,03254694,77245022,07/25/2025,07/08/2025,"Atlanta, GA","Minneapolis, MN",1136,587.43,137.46,LIFTGATE,95.00,,,819.89
0500754,748640222,88867779,06302939,07/27/2025,07/18/2025,"Atlanta, GA","Phoenix, AZ",527,506.34,113.93,,,,,620.27
0500762,326827002,71596584,21374480,07/28/2025,07/15/2025,"Chicago, IL","Indianapolis, IN",657,117.73,26.49,LIFTGATE,95.00,,,239.22
0500748,938660587,72255811,29044673,07/25/2025,07/06/2025,"Memphis, TN","Charlotte, NC",1122,356.24,80.15,,,,,436.39
0500766,547993740,97828313,74656757,07/29/2025,06/17/2025,"Dallas, TX","Louisville, KY",927,418.00,90.29,,,,,508.29
0500765,633858261,15934862,77939310,07/28/2025,07/19/2025,"Atlanta, GA","St. Louis, MO",2010,514.16,115.69,,,,,629.85
0500771,144585705,87652579,15504853,07/30/2025,07/17/2025,"Dallas, TX","Charlotte, NC",2435,979.84,220.46,,,,,1200.30
0500767,622717768,75085996,28852068,07/29/2025,06/27/2025,"Memphis, TN","Orlando, FL",1714,636.20,143.15,,,,,779.35
0500763,826974117,92827710,64801992,07/28/2025,07/16/2025,"Chicago, IL","St. Louis, MO",1092,208.35,46.88,,,,,255.23
0500758,919765625,07564040,88529620,07/28/2025,07/08/2025,"Chicago, IL","Indianapolis, IN",1327,206.75,46.52,,,,,253.27
0500753,061229751,39521503,98271617,07/26/2025,07/10/2025,"Memphis, TN","Charlotte, NC",820,299.38,67.36,,,,,366.74
