rank,invoice_id,invoice_number,pro_number,bol,ship_date,received_date,error_type,reason,recoverable_estimate
1,CARF:14284536,0600346,371551711,68917728,2025-05-23,2025-07-11,duplicate_invoice,"Duplicate of invoice 0600267 (same shipment or BOL, total within tolerance): total $5,691.37 vs $5,691.37, received 32 days after the first copy (2025-06-09)",5691.37
2,CARF:56336889,0600668,273549726,13154664,2025-11-22,2025-12-09,phantom_invoice,"No shipment matches BOL 13154664 (Columbus → Salt Lake City, shipped 2025-11-22, 28,734 lb); whole invoice $4,937.69 in question",4937.69
3,CARF:06010623,0600652,488184502,97296995,2025-11-11,2025-12-03,phantom_invoice,"No shipment matches BOL 97296995 (Dallas → Pittsburgh, shipped 2025-11-11, 18,155 lb); whole invoice $3,556.90 in question",3556.9
4,CARF:26203604,0600685,154532683,49785602,2025-11-20,2025-12-19,duplicate_invoice,"Duplicate of invoice 0600648 (same shipment or BOL, total within tolerance): total $2,927.74 vs $2,927.74, received 22 days after the first copy (2025-11-27)",2927.74
5,CARF:82325822,0600249,074408453,52392589,2025-05-17,2025-05-26,phantom_invoice,"No shipment matches BOL 52392589 (Dallas → Phoenix, shipped 2025-05-17, 29,928 lb); whole invoice $2,771.16 in question",2771.16
6,CARF:87561514,0600065,529482178,96716297,2025-02-18,2025-03-28,duplicate_invoice,"Duplicate of invoice 0600065 (same shipment or BOL, total within tolerance): total $2,174.46 vs $2,174.46, received 30 days after the first copy (2025-02-26)",2174.46
7,CARF:94328405,0600432,375739073,12213671,2025-08-07,2025-08-19,phantom_invoice,"No shipment matches BOL 12213671 (Atlanta → Philadelphia, shipped 2025-08-07, 32,048 lb); whole invoice $2,122.95 in question",2122.95
8,CARF:88071240,0600128,581321281,47128363,2025-03-11,2025-03-29,phantom_invoice,"No shipment matches BOL 47128363 (Columbus → Kansas City, shipped 2025-03-11, 19,941 lb); whole invoice $1,977.37 in question",1977.37
9,CARF:95377056,0600396,443223514,64686786,2025-06-25,2025-07-31,duplicate_invoice,"Duplicate of invoice 0600330 (same shipment or BOL, total within tolerance): total $1,741.96 vs $1,741.96, received 26 days after the first copy (2025-07-05)",1741.96
10,CARF:21222474,0600728,244235832,51818422,2025-12-14,2026-01-10,phantom_invoice,"No shipment matches BOL 51818422 (Columbus → New York, shipped 2025-12-14, 22,896 lb); whole invoice $1,535.42 in question",1535.42
11,CARF:09684723,0600725,495054088,60489527,2025-12-21,2026-01-08,phantom_invoice,"No shipment matches BOL 60489527 (Columbus → New York, shipped 2025-12-21, 17,539 lb); whole invoice $1,531.80 in question",1531.8
12,CARF:78356934,0600280,168443590,08358647,2025-05-07,2025-06-18,duplicate_invoice,"Duplicate of invoice 0600215 (same shipment or BOL, total within tolerance): total $909.84 vs $909.84, received 32 days after the first copy (2025-05-17)",909.84
13,CARF:58208346,0600480,881160065,63765158,2025-06-24,2025-09-13,duplicate_invoice,"Duplicate of invoice 0600395 (same shipment or BOL, total within tolerance): total $841.31 vs $841.31, received 42 days after the first copy (2025-08-02)",841.31
14,CARF:13554926,0600084,751399574,51950957,2025-02-26,2025-03-09,phantom_invoice,"No shipment matches BOL 51950957 (Chicago → St. Louis, shipped 2025-02-26, 40,352 lb); whole invoice $836.22 in question",836.22
15,CARF:64659723,0600298,159723315,63369901,2025-06-01,2025-06-23,rate_overcharge,"Linehaul $6,373.70 vs contract $5,564.80 (Columbus → Los Angeles, rate effective 2025-01-01): +$808.90 (+14.5%)",808.9
16,CARF:44617712,0600595,022270013,62891093,2025-10-29,2025-11-10,rate_overcharge;fsc_mismatch,"Linehaul $5,592.19 vs contract $4,876.30 (Dallas → Seattle, rate effective 2025-01-01): +$715.89 (+14.7%) | Fuel surcharge $1,059.16 vs expected $970.89 (TL, diesel $4.141/gal for week of 2025-10-27; $0.526/mi vs expected $0.482/mi over 2,015 mi): +$88.27",804.16
17,CARF:97390258,0600272,818800806,31288911,2025-05-30,2025-06-12,rate_overcharge,"Linehaul $6,283.00 vs contract $5,564.80 (Columbus → Los Angeles, rate effective 2025-01-01): +$718.20 (+12.9%)",718.2
18,CARF:91487888,0600545,756189403,BOL#82765185,2025-09-21,2025-10-11,rate_overcharge;fsc_mismatch,"Linehaul $5,881.70 vs contract $5,564.80 (Columbus → Los Angeles, rate effective 2025-01-01): +$316.90 (+5.7%) | Fuel surcharge $1,250.73 vs expected $1,146.51 (TL, diesel $4.155/gal for week of 2025-09-15; $0.528/mi vs expected $0.484/mi over 2,368 mi): +$104.22",421.12
19,CARF:90038562,0600326,912737156,87618598,2025-06-17,2025-07-05,rate_overcharge,"Linehaul $5,938.52 vs contract $5,564.80 (Columbus → Los Angeles, rate effective 2025-01-01): +$373.72 (+6.7%)",373.72
20,CARF:31420007,0600029,232736321,47570265,2025-01-30,2025-02-05,rate_overcharge;unauthorized_accessorial,"Linehaul $825.81 vs contract $784.89 (Chicago → Louisville, rate effective 2025-01-01): +$40.92 (+5.2%) | Detention $300.00 billed with no authorization on file for SHP00665 as of 2026-03-31",340.92
21,CARF:87842938,0600540,456169025,30494765,2025-09-25,2025-10-07,fsc_mismatch;unauthorized_accessorial,"Fuel surcharge $169.30 vs expected $155.19 (TL, diesel $4.206/gal for week of 2025-09-22; $0.537/mi vs expected $0.493/mi over 315 mi): +$14.11 | Detention $300.00 billed with no authorization on file for SHP07143 as of 2026-03-31",314.11
22,CARF:81493267,0600412,726139218,65949239,2025-07-25,2025-08-09,unauthorized_accessorial,Detention $300.00 billed with no authorization on file for SHP05457 as of 2026-03-31,300.0
23,CARF:47392535,0600509,567002998,42355440,2025-09-14,2025-09-26,rate_overcharge;fsc_mismatch,"Linehaul $3,160.21 vs contract $2,925.24 (Dallas → Pittsburgh, rate effective 2025-07-01): +$234.97 (+8.0%) | Fuel surcharge $652.46 vs expected $598.09 (TL, diesel $4.047/gal for week of 2025-09-08; $0.509/mi vs expected $0.466/mi over 1,283 mi): +$54.37",289.34
24,CARF:25400164,0600006,042559914,85878515,2025-01-09,2025-01-19,rate_overcharge,"Linehaul $2,144.19 vs contract $1,866.76 (Memphis → Pittsburgh, rate effective 2025-01-01): +$277.43 (+14.9%)",277.43
25,CARF:62439697,0600608,361758516,63691398,2025-10-31,2025-11-20,rate_overcharge;fsc_mismatch,"Linehaul $3,001.19 vs contract $2,781.68 (Dallas → Detroit, rate effective 2025-01-01): +$219.51 (+7.9%) | Fuel surcharge $630.24 vs expected $577.72 (TL, diesel $4.141/gal for week of 2025-10-27; $0.526/mi vs expected $0.482/mi over 1,199 mi): +$52.52",272.03
26,CARF:02830694,0600485,164072197,60549455,2025-09-04,2025-09-18,rate_overcharge;fsc_mismatch,"Linehaul $2,623.04 vs contract $2,408.90 (Atlanta → Minneapolis, rate effective 2025-01-01): +$214.14 (+8.9%) | Fuel surcharge $535.17 vs expected $491.59 (TL, diesel $3.956/gal for week of 2025-09-01; $0.491/mi vs expected $0.451/mi over 1,090 mi): +$43.58",257.72
27,CARF:65289782,0600203,339989087,BOL#38243445,2025-04-18,2025-05-07,rate_overcharge,"Linehaul $2,121.81 vs contract $1,866.76 (Memphis → Pittsburgh, rate effective 2025-01-01): +$255.05 (+13.7%)",255.05
28,CARF:60682465,0600104,167860619,35460203,2025-03-02,2025-03-17,rate_overcharge,"Linehaul $1,897.14 vs contract $1,694.04 (Columbus → Kansas City, rate effective 2025-01-01): +$203.10 (+12.0%)",203.1
29,CARF:81390756,0600469,642025346,28133256,2025-08-25,2025-09-11,fsc_mismatch;unauthorized_accessorial,"Fuel surcharge $520.28 vs expected $476.92 (TL, diesel $3.947/gal for week of 2025-08-25; $0.490/mi vs expected $0.450/mi over 1,061 mi): +$43.36 | Detention $150.00 billed with no authorization on file for SHP06247 as of 2026-03-31",193.36
30,CARF:84482846,0600213,180595386,BOL#51527736,2025-04-28,2025-05-16,fsc_mismatch,"Fuel surcharge $1,082.27 vs expected $904.58 (TL, diesel $3.542/gal for week of 2025-04-28; $0.457/mi vs expected $0.382/mi over 2,368 mi): +$177.69",177.69
31,CARF:10032829,0600141,738494095,59921072,2025-04-02,2025-04-08,unauthorized_accessorial,Detention $150.00 billed with no authorization on file for SHP02225 as of 2026-03-31,150.0
32,CARF:44476919,0600564,396950225,57052718,2025-10-07,2025-10-21,fsc_mismatch,"Fuel surcharge $1,277.00 vs expected $1,170.58 (TL, diesel $4.216/gal for week of 2025-10-06; $0.539/mi vs expected $0.494/mi over 2,368 mi): +$106.42",106.42
33,CARF:45909478,0600566,843033691,97357536,2025-10-10,2025-10-22,fsc_mismatch,"Fuel surcharge $1,277.00 vs expected $1,170.58 (TL, diesel $4.216/gal for week of 2025-10-06; $0.539/mi vs expected $0.494/mi over 2,368 mi): +$106.42",106.42
34,CARF:21200612,0600537,344161450,49750629,2025-09-26,2025-10-11,fsc_mismatch,"Fuel surcharge $1,271.51 vs expected $1,166.63 (TL, diesel $4.206/gal for week of 2025-09-22; $0.537/mi vs expected $0.493/mi over 2,368 mi): +$104.88",104.88
35,CARF:60557716,0600513,101491615,39342047,2025-09-16,2025-09-28,fsc_mismatch,"Fuel surcharge $1,250.73 vs expected $1,146.51 (TL, diesel $4.155/gal for week of 2025-09-15; $0.528/mi vs expected $0.484/mi over 2,368 mi): +$104.22",104.22
36,CARF:31320445,0600607,459689104,BOL#05018741,2025-10-27,2025-11-20,fsc_mismatch,"Fuel surcharge $1,244.71 vs expected $1,140.98 (TL, diesel $4.141/gal for week of 2025-10-27; $0.526/mi vs expected $0.482/mi over 2,368 mi): +$103.73",103.73
37,CARF:29561606,0600047,699970955,3588-8646,2025-01-31,2025-02-19,fsc_mismatch,"Fuel surcharge $616.15 vs expected $515.34 (TL, diesel $3.660/gal for week of 2025-01-27; $0.480/mi vs expected $0.402/mi over 1,283 mi): +$100.81",100.81
38,CARF:03881248,0600713,763918679,91515196,2025-12-11,2025-12-29,fsc_mismatch,"Fuel surcharge $595.52 vs expected $494.80 (TL, diesel $3.944/gal for week of 2025-12-08; $0.540/mi vs expected $0.449/mi over 1,102 mi): +$100.72",100.72
39,CARF:46472961,0600609,970350958,33747299,2025-11-01,2025-11-18,fsc_mismatch,"Fuel surcharge $674.06 vs expected $574.83 (TL, diesel $4.141/gal for week of 2025-10-27; $0.565/mi vs expected $0.482/mi over 1,193 mi): +$99.23",99.23
40,CARF:78446321,0600483,657945726,33137114,2025-09-03,2025-09-14,fsc_mismatch,"Fuel surcharge $1,165.06 vs expected $1,067.97 (TL, diesel $3.956/gal for week of 2025-09-01; $0.492/mi vs expected $0.451/mi over 2,368 mi): +$97.09",97.09
41,CARF:62873042,0600496,928258795,35067975,2025-09-07,2025-09-19,fsc_mismatch,"Fuel surcharge $1,165.06 vs expected $1,067.97 (TL, diesel $3.956/gal for week of 2025-09-01; $0.492/mi vs expected $0.451/mi over 2,368 mi): +$97.09",97.09
42,CARF:36910035,0600498,786057517,72249655,2025-09-04,2025-09-21,fsc_mismatch,"Fuel surcharge $1,165.06 vs expected $1,067.97 (TL, diesel $3.956/gal for week of 2025-09-01; $0.492/mi vs expected $0.451/mi over 2,368 mi): +$97.09",97.09
43,CARF:99542379,0600437,001463801,73651060,2025-08-05,2025-08-21,fsc_mismatch,"Fuel surcharge $1,163.33 vs expected $1,066.39 (TL, diesel $3.952/gal for week of 2025-08-04; $0.491/mi vs expected $0.450/mi over 2,368 mi): +$96.94",96.94
44,CARF:40197014,0600438,186450334,81083406,2025-08-10,2025-08-25,fsc_mismatch,"Fuel surcharge $1,163.33 vs expected $1,066.39 (TL, diesel $3.952/gal for week of 2025-08-04; $0.491/mi vs expected $0.450/mi over 2,368 mi): +$96.94",96.94
45,CARF:87521978,0600475,706482571,15713400,2025-08-25,2025-09-15,fsc_mismatch,"Fuel surcharge $1,161.18 vs expected $1,064.42 (TL, diesel $3.947/gal for week of 2025-08-25; $0.490/mi vs expected $0.450/mi over 2,368 mi): +$96.76",96.76
46,CARF:21254596,0600594,160079353,66396070,2025-10-19,2025-11-10,fsc_mismatch,"Fuel surcharge $1,104.59 vs expected $1,012.54 (TL, diesel $4.265/gal for week of 2025-10-13; $0.548/mi vs expected $0.503/mi over 2,015 mi): +$92.05",92.05
47,CARF:06532828,0600585,911692745,58823594,2025-10-15,2025-11-05,fsc_mismatch,"Fuel surcharge $1,094.17 vs expected $1,002.99 (TL, diesel $4.265/gal for week of 2025-10-13; $0.548/mi vs expected $0.503/mi over 1,996 mi): +$91.18",91.18
48,CARF:29406950,0600579,353109803,63351041,2025-10-22,2025-11-02,fsc_mismatch,"Fuel surcharge $1,080.41 vs expected $990.37 (TL, diesel $4.199/gal for week of 2025-10-20; $0.536/mi vs expected $0.491/mi over 2,015 mi): +$90.04",90.04
49,CARF:60259351,0600590,336474015,BOL-91342509,2025-10-24,2025-11-05,fsc_mismatch,"Fuel surcharge $1,080.41 vs expected $990.37 (TL, diesel $4.199/gal for week of 2025-10-20; $0.536/mi vs expected $0.491/mi over 2,015 mi): +$90.04",90.04
50,CARF:12312879,0600568,469428328,73161153,2025-10-08,2025-10-27,fsc_mismatch,"Fuel surcharge $1,076.39 vs expected $986.69 (TL, diesel $4.216/gal for week of 2025-10-06; $0.539/mi vs expected $0.494/mi over 1,996 mi): +$89.70",89.7
51,CARF:65393292,0600604,227031245,96462617,2025-10-25,2025-11-14,fsc_mismatch,"Fuel surcharge $1,070.22 vs expected $981.03 (TL, diesel $4.199/gal for week of 2025-10-20; $0.536/mi vs expected $0.491/mi over 1,996 mi): +$89.19",89.19
52,CARF:59770225,0600529,513846241,54049093,2025-09-20,2025-10-04,fsc_mismatch,"Fuel surcharge $1,054.25 vs expected $966.40 (TL, diesel $4.155/gal for week of 2025-09-15; $0.528/mi vs expected $0.484/mi over 1,996 mi): +$87.85",87.85
53,CARF:37075501,0600526,853694868,bol-36041456,2025-09-13,2025-10-02,fsc_mismatch,"Fuel surcharge $1,015.06 vs expected $930.47 (TL, diesel $4.047/gal for week of 2025-09-08; $0.509/mi vs expected $0.466/mi over 1,996 mi): +$84.59",84.59
54,CARF:80028332,0600459,015671533,BOL#71131992,2025-08-14,2025-09-04,fsc_mismatch,"Fuel surcharge $990.28 vs expected $907.76 (TL, diesel $3.953/gal for week of 2025-08-11; $0.491/mi vs expected $0.451/mi over 2,015 mi): +$82.52",82.52
55,CARF:89904588,0600467,294413567,BOL-09782277,2025-08-14,2025-09-10,fsc_mismatch,"Fuel surcharge $990.28 vs expected $907.76 (TL, diesel $3.953/gal for week of 2025-08-11; $0.491/mi vs expected $0.451/mi over 2,015 mi): +$82.52",82.52
56,CARF:35504480,0600478,473907384,87611462,2025-08-27,2025-09-11,fsc_mismatch,"Fuel surcharge $988.08 vs expected $905.74 (TL, diesel $3.947/gal for week of 2025-08-25; $0.490/mi vs expected $0.449/mi over 2,015 mi): +$82.34",82.34
57,CARF:18443406,0600487,321340301,49476818,2025-08-30,2025-09-18,fsc_mismatch,"Fuel surcharge $988.08 vs expected $905.74 (TL, diesel $3.947/gal for week of 2025-08-25; $0.490/mi vs expected $0.449/mi over 2,015 mi): +$82.34",82.34
58,CARF:27764623,0600456,861912233,07820048,2025-08-07,2025-08-31,fsc_mismatch,"Fuel surcharge $980.58 vs expected $898.87 (TL, diesel $3.952/gal for week of 2025-08-04; $0.491/mi vs expected $0.450/mi over 1,996 mi): +$81.71",81.71
59,CARF:71780863,0600553,559359377,2341 9450,2025-10-07,2025-10-20,fsc_mismatch,"Fuel surcharge $980.40 vs expected $898.70 (TL, diesel $4.216/gal for week of 2025-10-06; $0.539/mi vs expected $0.494/mi over 1,818 mi): +$81.70",81.7
60,CARF:80103115,0600586,853536470,98397301,2025-10-21,2025-11-06,fsc_mismatch,"Fuel surcharge $974.78 vs expected $893.55 (TL, diesel $4.199/gal for week of 2025-10-20; $0.536/mi vs expected $0.492/mi over 1,818 mi): +$81.23",81.23
61,CARF:77600843,0600527,824875320,92616600,2025-09-15,2025-09-29,fsc_mismatch,"Fuel surcharge $960.23 vs expected $880.22 (TL, diesel $4.155/gal for week of 2025-09-15; $0.528/mi vs expected $0.484/mi over 1,818 mi): +$80.01",80.01
62,CARF:11534962,0600528,242147407,66075550,2025-09-20,2025-10-03,fsc_mismatch,"Fuel surcharge $960.23 vs expected $880.22 (TL, diesel $4.155/gal for week of 2025-09-15; $0.528/mi vs expected $0.484/mi over 1,818 mi): +$80.01",80.01
63,CARF:73292779,0600127,975819884,50493462,2025-03-18,2025-03-28,unauthorized_accessorial,Detention $75.00 billed with no authorization on file for SHP01864 as of 2026-03-31,75.0
64,CARF:63749001,0600165,271947368,32894230,2025-04-13,2025-04-18,unauthorized_accessorial,Detention $75.00 billed with no authorization on file for SHP02513 as of 2026-03-31,75.0
65,CARF:48302889,0600391,550398028,75320920,2025-07-07,2025-07-29,unauthorized_accessorial,Detention $75.00 billed with no authorization on file for SHP05005 as of 2026-03-31,75.0
66,CARF:91776896,0600421,107233112,bol-08433149,2025-08-02,2025-08-13,fsc_mismatch,"Fuel surcharge $894.79 vs expected $820.22 (TL, diesel $3.957/gal for week of 2025-07-28; $0.492/mi vs expected $0.451/mi over 1,818 mi): +$74.57",74.57
67,CARF:41494542,0600453,614752798,56246394,2025-08-16,2025-08-28,fsc_mismatch,"Fuel surcharge $893.46 vs expected $819.01 (TL, diesel $3.953/gal for week of 2025-08-11; $0.491/mi vs expected $0.451/mi over 1,818 mi): +$74.45",74.45
68,CARF:77081726,0600466,463540139,63604011,2025-08-10,2025-09-08,fsc_mismatch,"Fuel surcharge $893.13 vs expected $818.71 (TL, diesel $3.952/gal for week of 2025-08-04; $0.491/mi vs expected $0.450/mi over 1,818 mi): +$74.42",74.42
69,CARF:62869772,0600482,058790920,85307954,2025-09-01,2025-09-14,fsc_mismatch,"Fuel surcharge $892.52 vs expected $819.92 (TL, diesel $3.956/gal for week of 2025-09-01; $0.491/mi vs expected $0.451/mi over 1,818 mi): +$72.60",72.6
70,CARF:86303914,0600131,464294061,38093828,2025-03-24,2025-04-05,rate_overcharge,"Linehaul $1,834.43 vs contract $1,763.58 (Atlanta → Philadelphia, rate effective 2025-01-01): +$70.85 (+4.0%)",70.85
71,CARF:01350587,0600577,751059890,8530 5990,2025-10-15,2025-11-02,fsc_mismatch,"Fuel surcharge $783.90 vs expected $718.57 (TL, diesel $4.265/gal for week of 2025-10-13; $0.548/mi vs expected $0.502/mi over 1,430 mi): +$65.33",65.33
72,CARF:12963997,0600597,329702827,11452263,2025-10-26,2025-11-07,fsc_mismatch,"Fuel surcharge $766.74 vs expected $702.85 (TL, diesel $4.199/gal for week of 2025-10-20; $0.536/mi vs expected $0.492/mi over 1,430 mi): +$63.89",63.89
73,CARF:60545252,0600516,471170498,08592778,2025-09-15,2025-09-27,fsc_mismatch,"Fuel surcharge $755.30 vs expected $692.36 (TL, diesel $4.155/gal for week of 2025-09-15; $0.528/mi vs expected $0.484/mi over 1,430 mi): +$62.94",62.94
74,CARF:09612700,0600532,882351476,87096291,2025-09-21,2025-10-02,fsc_mismatch,"Fuel surcharge $755.30 vs expected $692.36 (TL, diesel $4.155/gal for week of 2025-09-15; $0.528/mi vs expected $0.484/mi over 1,430 mi): +$62.94",62.94
75,CARF:09992244,0600560,648993787,54242098,2025-09-20,2025-10-23,fsc_mismatch,"Fuel surcharge $755.30 vs expected $692.36 (TL, diesel $4.155/gal for week of 2025-09-15; $0.528/mi vs expected $0.484/mi over 1,430 mi): +$62.94",62.94
76,CARF:52580717,0600462,139999826,91864991,2025-08-24,2025-09-04,fsc_mismatch,"Fuel surcharge $714.74 vs expected $655.18 (TL, diesel $3.999/gal for week of 2025-08-18; $0.500/mi vs expected $0.458/mi over 1,430 mi): +$59.56",59.56
77,CARF:25849177,0600518,270664338,40766256,2025-09-06,2025-09-27,fsc_mismatch,"Fuel surcharge $703.56 vs expected $644.93 (TL, diesel $3.956/gal for week of 2025-09-01; $0.492/mi vs expected $0.451/mi over 1,430 mi): +$58.63",58.63
78,CARF:02526078,0600440,342160652,27031979,2025-08-11,2025-08-26,fsc_mismatch,"Fuel surcharge $702.78 vs expected $644.21 (TL, diesel $3.953/gal for week of 2025-08-11; $0.491/mi vs expected $0.450/mi over 1,430 mi): +$58.57",58.57
79,CARF:26044665,0600445,861624178,2423-8116,2025-08-14,2025-08-26,fsc_mismatch,"Fuel surcharge $702.78 vs expected $644.21 (TL, diesel $3.953/gal for week of 2025-08-11; $0.491/mi vs expected $0.450/mi over 1,430 mi): +$58.57",58.57
80,CARF:04325703,0600563,426976212,88158476,2025-10-04,2025-10-24,fsc_mismatch,"Fuel surcharge $693.05 vs expected $635.30 (TL, diesel $4.221/gal for week of 2025-09-29; $0.540/mi vs expected $0.495/mi over 1,283 mi): +$57.75",57.75
81,CARF:06156530,0600591,835127558,94620911,2025-10-22,2025-11-05,fsc_mismatch,"Fuel surcharge $687.92 vs expected $630.59 (TL, diesel $4.199/gal for week of 2025-10-20; $0.536/mi vs expected $0.491/mi over 1,283 mi): +$57.33",57.33
82,CARF:28631649,0600514,275994078,20908539,2025-09-17,2025-09-25,fsc_mismatch,"Fuel surcharge $677.66 vs expected $621.19 (TL, diesel $4.155/gal for week of 2025-09-15; $0.528/mi vs expected $0.484/mi over 1,283 mi): +$56.47",56.47
83,CARF:47291086,0600531,921295983,68089207,2025-09-19,2025-10-02,fsc_mismatch,"Fuel surcharge $677.66 vs expected $621.19 (TL, diesel $4.155/gal for week of 2025-09-15; $0.528/mi vs expected $0.484/mi over 1,283 mi): +$56.47",56.47
84,CARF:57227110,0600559,210393524,46584827,2025-09-16,2025-10-22,fsc_mismatch,"Fuel surcharge $677.66 vs expected $621.19 (TL, diesel $4.155/gal for week of 2025-09-15; $0.528/mi vs expected $0.484/mi over 1,283 mi): +$56.47",56.47
85,CARF:71468917,0600611,702836873,49504577,2025-10-18,2025-11-22,fsc_mismatch,"Fuel surcharge $657.27 vs expected $602.50 (TL, diesel $4.265/gal for week of 2025-10-13; $0.548/mi vs expected $0.503/mi over 1,199 mi): +$54.77",54.77
86,CARF:38457503,0600578,347545818,46848195,2025-10-20,2025-11-02,fsc_mismatch,"Fuel surcharge $642.88 vs expected $589.31 (TL, diesel $4.199/gal for week of 2025-10-20; $0.536/mi vs expected $0.492/mi over 1,199 mi): +$53.57",53.57
87,CARF:63871160,0600541,019295773,63853640,2025-09-26,2025-10-12,fsc_mismatch,"Fuel surcharge $641.18 vs expected $587.75 (TL, diesel $4.206/gal for week of 2025-09-22; $0.537/mi vs expected $0.493/mi over 1,193 mi): +$53.43",53.43
88,CARF:76485825,0600534,758269231,43590866,2025-09-21,2025-10-06,fsc_mismatch,"Fuel surcharge $633.29 vs expected $580.52 (TL, diesel $4.155/gal for week of 2025-09-15; $0.528/mi vs expected $0.484/mi over 1,199 mi): +$52.77",52.77
89,CARF:85256753,0600544,280284257,95344231,2025-09-20,2025-10-13,fsc_mismatch,"Fuel surcharge $633.29 vs expected $580.52 (TL, diesel $4.155/gal for week of 2025-09-15; $0.528/mi vs expected $0.484/mi over 1,199 mi): +$52.77",52.77
90,CARF:38350183,0600447,420044105,35434616,2025-08-17,2025-08-28,fsc_mismatch,"Fuel surcharge $630.54 vs expected $577.99 (TL, diesel $3.953/gal for week of 2025-08-11; $0.491/mi vs expected $0.450/mi over 1,283 mi): +$52.55",52.55
91,CARF:78575651,0600601,666192564,78585605,2025-10-28,2025-11-11,fsc_mismatch,"Fuel surcharge $630.24 vs expected $577.72 (TL, diesel $4.141/gal for week of 2025-10-27; $0.526/mi vs expected $0.482/mi over 1,199 mi): +$52.52",52.52
92,CARF:21729717,0600473,928169715,03846923,2025-08-26,2025-09-11,fsc_mismatch,"Fuel surcharge $629.14 vs expected $576.71 (TL, diesel $3.947/gal for week of 2025-08-25; $0.490/mi vs expected $0.450/mi over 1,283 mi): +$52.43",52.43
93,CARF:72748064,0600307,261283191,78091658,2025-06-10,2025-06-29,rate_overcharge,"Linehaul $1,282.46 vs contract $1,231.20 (Atlanta → Indianapolis, rate effective 2025-01-01): +$51.26 (+4.2%)",51.26
94,CARF:24990491,0600515,839562007,40813576,2025-09-13,2025-09-26,fsc_mismatch,"Fuel surcharge $609.75 vs expected $558.93 (TL, diesel $4.047/gal for week of 2025-09-08; $0.509/mi vs expected $0.466/mi over 1,199 mi): +$50.82",50.82
95,CARF:13760092,0600584,514873039,65420791,2025-10-14,2025-11-04,fsc_mismatch,"Fuel surcharge $604.10 vs expected $553.75 (TL, diesel $4.265/gal for week of 2025-10-13; $0.548/mi vs expected $0.502/mi over 1,102 mi): +$50.35",50.35
96,CARF:50255019,0600569,698474655,76403657,2025-10-16,2025-10-27,fsc_mismatch,"Fuel surcharge $597.52 vs expected $547.72 (TL, diesel $4.265/gal for week of 2025-10-13; $0.548/mi vs expected $0.502/mi over 1,090 mi): +$49.80",49.8
97,CARF:00218891,0600635,408722443,07333054,2025-10-18,2025-11-25,fsc_mismatch,"Fuel surcharge $597.52 vs expected $547.72 (TL, diesel $4.265/gal for week of 2025-10-13; $0.548/mi vs expected $0.502/mi over 1,090 mi): +$49.80",49.8
98,CARF:00490748,0600538,965431763,47586491,2025-09-26,2025-10-06,fsc_mismatch,"Fuel surcharge $592.27 vs expected $542.92 (TL, diesel $4.206/gal for week of 2025-09-22; $0.537/mi vs expected $0.493/mi over 1,102 mi): +$49.35",49.35
99,CARF:86066688,0600581,267704522,94397385,2025-10-22,2025-11-02,fsc_mismatch,"Fuel surcharge $590.87 vs expected $541.63 (TL, diesel $4.199/gal for week of 2025-10-20; $0.536/mi vs expected $0.491/mi over 1,102 mi): +$49.24",49.24
100,CARF:19728468,0600461,791085922,7290-8948,2025-08-13,2025-09-02,fsc_mismatch,"Fuel surcharge $589.25 vs expected $540.15 (TL, diesel $3.953/gal for week of 2025-08-11; $0.491/mi vs expected $0.451/mi over 1,199 mi): +$49.10",49.1
101,CARF:95786659,0600442,435147546,09766315,2025-08-09,2025-08-28,fsc_mismatch,"Fuel surcharge $589.04 vs expected $539.95 (TL, diesel $3.952/gal for week of 2025-08-04; $0.491/mi vs expected $0.450/mi over 1,199 mi): +$49.09",49.09
102,CARF:69517349,0600546,153704731,59700069,2025-09-30,2025-10-15,fsc_mismatch,"Fuel surcharge $588.80 vs expected $539.73 (TL, diesel $4.221/gal for week of 2025-09-29; $0.540/mi vs expected $0.495/mi over 1,090 mi): +$49.07",49.07
103,CARF:81764129,0600574,293758738,45002416,2025-10-10,2025-10-27,fsc_mismatch,"Fuel surcharge $587.81 vs expected $538.82 (TL, diesel $4.216/gal for week of 2025-10-06; $0.539/mi vs expected $0.494/mi over 1,090 mi): +$48.99",48.99
104,CARF:39832845,0600484,513908349,48260574,2025-09-06,2025-09-15,fsc_mismatch,"Fuel surcharge $586.96 vs expected $538.04 (TL, diesel $3.956/gal for week of 2025-09-01; $0.492/mi vs expected $0.451/mi over 1,193 mi): +$48.92",48.92
105,CARF:77236279,0600449,747389051,59458080,2025-08-14,2025-08-28,fsc_mismatch,"Fuel surcharge $586.31 vs expected $537.45 (TL, diesel $3.953/gal for week of 2025-08-11; $0.491/mi vs expected $0.451/mi over 1,193 mi): +$48.86",48.86
106,CARF:98664657,0600488,262444553,73447721,2025-08-30,2025-09-20,fsc_mismatch,"Fuel surcharge $585.00 vs expected $536.25 (TL, diesel $3.947/gal for week of 2025-08-25; $0.490/mi vs expected $0.449/mi over 1,193 mi): +$48.75",48.75
107,CARF:22184569,0600570,744142128,21291384,2025-10-17,2025-10-26,fsc_mismatch,"Fuel surcharge $581.62 vs expected $533.15 (TL, diesel $4.265/gal for week of 2025-10-13; $0.548/mi vs expected $0.502/mi over 1,061 mi): +$48.47",48.47
108,CARF:94904338,0600510,759434969,33159348,2025-09-16,2025-09-25,fsc_mismatch,"Fuel surcharge $575.72 vs expected $527.74 (TL, diesel $4.155/gal for week of 2025-09-15; $0.528/mi vs expected $0.484/mi over 1,090 mi): +$47.98",47.98
109,CARF:51479871,0600548,126346805,81324572,2025-10-03,2025-10-14,fsc_mismatch,"Fuel surcharge $573.13 vs expected $525.37 (TL, diesel $4.221/gal for week of 2025-09-29; $0.540/mi vs expected $0.495/mi over 1,061 mi): +$47.76",47.76
110,CARF:16638204,0600550,728840453,83288673,2025-10-01,2025-10-18,fsc_mismatch,"Fuel surcharge $573.13 vs expected $525.37 (TL, diesel $4.221/gal for week of 2025-09-29; $0.540/mi vs expected $0.495/mi over 1,061 mi): +$47.76",47.76
111,CARF:71574596,0600506,655240311,54803300,2025-09-13,2025-09-25,fsc_mismatch,"Fuel surcharge $560.42 vs expected $513.72 (TL, diesel $4.047/gal for week of 2025-09-08; $0.509/mi vs expected $0.466/mi over 1,102 mi): +$46.70",46.7
112,CARF:53058562,0600508,268296240,82339268,2025-09-10,2025-09-29,fsc_mismatch,"Fuel surcharge $560.42 vs expected $513.72 (TL, diesel $4.047/gal for week of 2025-09-08; $0.509/mi vs expected $0.466/mi over 1,102 mi): +$46.70",46.7
113,CARF:64781999,0600523,587623237,BOL#06499200,2025-09-19,2025-10-01,fsc_mismatch,"Fuel surcharge $560.40 vs expected $513.70 (TL, diesel $4.155/gal for week of 2025-09-15; $0.528/mi vs expected $0.484/mi over 1,061 mi): +$46.70",46.7
114,CARF:29895399,0600709,212018507,11097364,2025-12-20,2025-12-29,fsc_mismatch,"Fuel surcharge $396.48 vs expected $350.15 (TL, diesel $3.906/gal for week of 2025-12-15; $0.501/mi vs expected $0.443/mi over 791 mi): +$46.33",46.33
115,CARF:44595088,0600493,592441464,6000-9158,2025-09-08,2025-09-21,fsc_mismatch,"Fuel surcharge $554.31 vs expected $508.12 (TL, diesel $4.047/gal for week of 2025-09-08; $0.509/mi vs expected $0.466/mi over 1,090 mi): +$46.19",46.19
116,CARF:46019439,0600454,048810743,91478236,2025-08-20,2025-08-30,fsc_mismatch,"Fuel surcharge $550.80 vs expected $504.90 (TL, diesel $3.999/gal for week of 2025-08-18; $0.500/mi vs expected $0.458/mi over 1,102 mi): +$45.90",45.9
117,CARF:01376135,0600471,965735363,9305 1469,2025-08-24,2025-09-09,fsc_mismatch,"Fuel surcharge $550.80 vs expected $504.90 (TL, diesel $3.999/gal for week of 2025-08-18; $0.500/mi vs expected $0.458/mi over 1,102 mi): +$45.90",45.9
118,CARF:68158685,0600470,342436605,83176409,2025-08-19,2025-09-11,fsc_mismatch,"Fuel surcharge $544.80 vs expected $499.40 (TL, diesel $3.999/gal for week of 2025-08-18; $0.500/mi vs expected $0.458/mi over 1,090 mi): +$45.40",45.4
119,CARF:37313879,0600525,757761385,24767114,2025-09-04,2025-10-03,fsc_mismatch,"Fuel surcharge $542.18 vs expected $497.00 (TL, diesel $3.956/gal for week of 2025-09-01; $0.492/mi vs expected $0.451/mi over 1,102 mi): +$45.18",45.18
120,CARF:34114270,0600424,195765007,93911852,2025-08-05,2025-08-15,fsc_mismatch,"Fuel surcharge $541.38 vs expected $496.27 (TL, diesel $3.952/gal for week of 2025-08-04; $0.491/mi vs expected $0.450/mi over 1,102 mi): +$45.11",45.11
121,CARF:95715883,0600479,501865410,81107791,2025-08-29,2025-09-15,fsc_mismatch,"Fuel surcharge $540.38 vs expected $495.35 (TL, diesel $3.947/gal for week of 2025-08-25; $0.490/mi vs expected $0.450/mi over 1,102 mi): +$45.03",45.03
122,CARF:50257267,0600416,947911500,28857620,2025-08-02,2025-08-10,fsc_mismatch,"Fuel surcharge $522.20 vs expected $478.69 (TL, diesel $3.957/gal for week of 2025-07-28; $0.492/mi vs expected $0.451/mi over 1,061 mi): +$43.51",43.51
123,CARF:78691806,0600486,743602313,04459316,2025-09-05,2025-09-18,fsc_mismatch,"Fuel surcharge $522.01 vs expected $478.51 (TL, diesel $3.956/gal for week of 2025-09-01; $0.492/mi vs expected $0.451/mi over 1,061 mi): +$43.50",43.5
124,CARF:24055776,0600431,002519433,BOL-51564314,2025-08-09,2025-08-16,fsc_mismatch,"Fuel surcharge $521.24 vs expected $477.80 (TL, diesel $3.952/gal for week of 2025-08-04; $0.491/mi vs expected $0.450/mi over 1,061 mi): +$43.44",43.44
125,CARF:53396385,0600259,742003542,36985654,2025-05-07,2025-06-04,fsc_mismatch,"Fuel surcharge $957.86 vs expected $916.02 (TL, diesel $3.571/gal for week of 2025-05-05; $0.405/mi vs expected $0.387/mi over 2,368 mi): +$41.84",41.84
126,CARF:44623547,0600423,515494919,65940013,2025-08-02,2025-08-15,fsc_mismatch,"Fuel surcharge $520.36 vs expected $478.69 (TL, diesel $3.957/gal for week of 2025-07-28; $0.490/mi vs expected $0.451/mi over 1,061 mi): +$41.67",41.67
127,CARF:86848344,0600230,778681868,BOL-76387361,2025-05-04,2025-05-21,fsc_mismatch,"Fuel surcharge $459.46 vs expected $420.96 (TL, diesel $3.542/gal for week of 2025-04-28; $0.417/mi vs expected $0.382/mi over 1,102 mi): +$38.50",38.5
128,CARF:57389494,0600582,337855266,29974664,2025-10-23,2025-10-30,fsc_mismatch,"Fuel surcharge $439.67 vs expected $403.03 (TL, diesel $4.199/gal for week of 2025-10-20; $0.536/mi vs expected $0.491/mi over 820 mi): +$36.64",36.64
129,CARF:20307036,0600592,163779887,10266217,2025-10-25,2025-11-04,fsc_mismatch,"Fuel surcharge $439.67 vs expected $403.03 (TL, diesel $4.199/gal for week of 2025-10-20; $0.536/mi vs expected $0.491/mi over 820 mi): +$36.64",36.64
130,CARF:90398011,0600565,761258341,39019056,2025-10-14,2025-10-23,fsc_mismatch,"Fuel surcharge $433.61 vs expected $397.48 (TL, diesel $4.265/gal for week of 2025-10-13; $0.548/mi vs expected $0.503/mi over 791 mi): +$36.13",36.13
131,CARF:76706133,0600573,068958946,BOL-22328660,2025-10-18,2025-10-29,fsc_mismatch,"Fuel surcharge $433.61 vs expected $397.48 (TL, diesel $4.265/gal for week of 2025-10-13; $0.548/mi vs expected $0.503/mi over 791 mi): +$36.13",36.13
132,CARF:30723299,0600535,102994519,54396343,2025-09-29,2025-10-05,fsc_mismatch,"Fuel surcharge $427.68 vs expected $391.68 (TL, diesel $4.221/gal for week of 2025-09-29; $0.541/mi vs expected $0.495/mi over 791 mi): +$36.00",36.0
133,CARF:10377387,0600549,720574694,36046596,2025-10-05,2025-10-18,fsc_mismatch,"Fuel surcharge $431.07 vs expected $395.14 (TL, diesel $4.221/gal for week of 2025-09-29; $0.540/mi vs expected $0.495/mi over 798 mi): +$35.93",35.93
134,CARF:38988178,0600555,577694996,30209072,2025-10-06,2025-10-20,fsc_mismatch,"Fuel surcharge $430.34 vs expected $394.48 (TL, diesel $4.216/gal for week of 2025-10-06; $0.539/mi vs expected $0.494/mi over 798 mi): +$35.86",35.86
135,CARF:52173268,0600547,203192693,04364068,2025-09-29,2025-10-14,fsc_mismatch,"Fuel surcharge $427.28 vs expected $391.68 (TL, diesel $4.221/gal for week of 2025-09-29; $0.540/mi vs expected $0.495/mi over 791 mi): +$35.60",35.6
136,CARF:31237891,0600580,260159421,42779144,2025-10-12,2025-11-03,fsc_mismatch,"Fuel surcharge $426.56 vs expected $391.02 (TL, diesel $4.216/gal for week of 2025-10-06; $0.539/mi vs expected $0.494/mi over 791 mi): +$35.54",35.54
137,CARF:16147833,0600612,060368654,63362414,2025-10-28,2025-11-18,fsc_mismatch,"Fuel surcharge $419.46 vs expected $384.50 (TL, diesel $4.141/gal for week of 2025-10-27; $0.526/mi vs expected $0.482/mi over 798 mi): +$34.96",34.96
138,CARF:26471918,0600494,199332599,86044404,2025-09-10,2025-09-16,fsc_mismatch,"Fuel surcharge $417.01 vs expected $382.26 (TL, diesel $4.047/gal for week of 2025-09-08; $0.509/mi vs expected $0.466/mi over 820 mi): +$34.75",34.75
139,CARF:59759318,0600599,261198290,94188572,2025-10-30,2025-11-12,fsc_mismatch,"Fuel surcharge $415.78 vs expected $381.13 (TL, diesel $4.141/gal for week of 2025-10-27; $0.526/mi vs expected $0.482/mi over 791 mi): +$34.65",34.65
140,CARF:49752198,0600572,717046498,82958716,2025-10-14,2025-10-28,fsc_mismatch,"Fuel surcharge $407.30 vs expected $373.36 (TL, diesel $4.265/gal for week of 2025-10-13; $0.548/mi vs expected $0.503/mi over 743 mi): +$33.94",33.94
141,CARF:47125533,0600500,556454696,62055493,2025-09-10,2025-09-21,fsc_mismatch,"Fuel surcharge $405.82 vs expected $372.00 (TL, diesel $4.047/gal for week of 2025-09-08; $0.509/mi vs expected $0.466/mi over 798 mi): +$33.82",33.82
142,CARF:44339723,0600481,757520860,19849750,2025-09-05,2025-09-17,fsc_mismatch,"Fuel surcharge $403.44 vs expected $369.82 (TL, diesel $3.956/gal for week of 2025-09-01; $0.492/mi vs expected $0.451/mi over 820 mi): +$33.62",33.62
143,CARF:71679925,0600505,266032633,38699508,2025-09-12,2025-09-23,fsc_mismatch,"Fuel surcharge $402.26 vs expected $368.74 (TL, diesel $4.047/gal for week of 2025-09-08; $0.509/mi vs expected $0.466/mi over 791 mi): +$33.52",33.52
144,CARF:90833782,0600557,077503334,3314-9846,2025-10-11,2025-10-19,fsc_mismatch,"Fuel surcharge $400.68 vs expected $367.29 (TL, diesel $4.216/gal for week of 2025-10-06; $0.539/mi vs expected $0.494/mi over 743 mi): +$33.39",33.39
145,CARF:00625452,0600180,668408484,79402407,2025-04-13,2025-04-27,fsc_mismatch,"Fuel surcharge $227.41 vs expected $194.17 (TL, diesel $3.521/gal for week of 2025-04-07; $0.443/mi vs expected $0.378/mi over 513 mi): +$33.24",33.24
146,CARF:66702137,0600418,531188600,96885404,2025-08-01,2025-08-10,fsc_mismatch,"Fuel surcharge $392.76 vs expected $360.03 (TL, diesel $3.957/gal for week of 2025-07-28; $0.492/mi vs expected $0.451/mi over 798 mi): +$32.73",32.73
147,CARF:05008952,0600598,137461376,28328592,2025-10-28,2025-11-10,fsc_mismatch,"Fuel surcharge $390.55 vs expected $358.00 (TL, diesel $4.141/gal for week of 2025-10-27; $0.526/mi vs expected $0.482/mi over 743 mi): +$32.55",32.55
148,CARF:28688749,0600474,998932742,35980722,2025-08-28,2025-09-14,fsc_mismatch,"Fuel surcharge $387.88 vs expected $355.55 (TL, diesel $3.947/gal for week of 2025-08-25; $0.490/mi vs expected $0.449/mi over 791 mi): +$32.33",32.33
149,CARF:48291594,0600422,290783521,15153063,2025-08-03,2025-08-15,fsc_mismatch,"Fuel surcharge $388.91 vs expected $356.87 (TL, diesel $3.957/gal for week of 2025-07-28; $0.492/mi vs expected $0.451/mi over 791 mi): +$32.04",32.04
150,CARF:68325420,0600520,469351628,21998596,2025-09-13,2025-09-27,fsc_mismatch,"Fuel surcharge $377.85 vs expected $346.36 (TL, diesel $4.047/gal for week of 2025-09-08; $0.509/mi vs expected $0.466/mi over 743 mi): +$31.49",31.49
151,CARF:81978083,0600519,954157904,28774319,2025-09-13,2025-10-01,fsc_mismatch,"Fuel surcharge $377.85 vs expected $346.36 (TL, diesel $4.047/gal for week of 2025-09-08; $0.509/mi vs expected $0.466/mi over 743 mi): +$31.49",31.49
152,CARF:86341194,0600457,119803248,61133856,2025-08-24,2025-09-03,fsc_mismatch,"Fuel surcharge $371.36 vs expected $340.42 (TL, diesel $3.999/gal for week of 2025-08-18; $0.500/mi vs expected $0.458/mi over 743 mi): +$30.94",30.94
153,CARF:35135438,0600415,016130091,86883741,2025-08-01,2025-08-09,fsc_mismatch,"Fuel surcharge $365.69 vs expected $335.22 (TL, diesel $3.957/gal for week of 2025-07-28; $0.492/mi vs expected $0.451/mi over 743 mi): +$30.47",30.47
154,CARF:43587710,0600428,034801349,91859459,2025-08-03,2025-08-20,fsc_mismatch,"Fuel surcharge $365.69 vs expected $335.22 (TL, diesel $3.957/gal for week of 2025-07-28; $0.492/mi vs expected $0.451/mi over 743 mi): +$30.47",30.47
155,CARF:86548876,0600497,825664430,4476 4890,2025-09-01,2025-09-21,fsc_mismatch,"Fuel surcharge $365.56 vs expected $335.09 (TL, diesel $3.956/gal for week of 2025-09-01; $0.492/mi vs expected $0.451/mi over 743 mi): +$30.47",30.47
156,CARF:68124025,0600452,017460717,45758095,2025-08-15,2025-09-01,fsc_mismatch,"Fuel surcharge $365.15 vs expected $334.72 (TL, diesel $3.953/gal for week of 2025-08-11; $0.491/mi vs expected $0.450/mi over 743 mi): +$30.43",30.43
157,CARF:44840700,0600458,199149556,02259996,2025-08-17,2025-09-02,fsc_mismatch,"Fuel surcharge $365.15 vs expected $334.72 (TL, diesel $3.953/gal for week of 2025-08-11; $0.491/mi vs expected $0.450/mi over 743 mi): +$30.43",30.43
158,CARF:10529731,0600562,379193046,02855530,2025-10-04,2025-10-24,fsc_mismatch,"Fuel surcharge $354.90 vs expected $325.32 (TL, diesel $4.221/gal for week of 2025-09-29; $0.540/mi vs expected $0.495/mi over 657 mi): +$29.58",29.58
159,CARF:70185817,0600530,614445254,98683833,2025-09-15,2025-10-01,fsc_mismatch,"Fuel surcharge $347.02 vs expected $318.10 (TL, diesel $4.155/gal for week of 2025-09-15; $0.528/mi vs expected $0.484/mi over 657 mi): +$28.92",28.92
160,CARF:69427108,0600490,112602949,64752105,2025-08-21,2025-09-20,fsc_mismatch,"Fuel surcharge $328.38 vs expected $301.02 (TL, diesel $3.999/gal for week of 2025-08-18; $0.500/mi vs expected $0.458/mi over 657 mi): +$27.36",27.36
161,CARF:39331811,0600441,921529444,85710756,2025-08-16,2025-08-26,fsc_mismatch,"Fuel surcharge $322.89 vs expected $295.98 (TL, diesel $3.953/gal for week of 2025-08-11; $0.491/mi vs expected $0.451/mi over 657 mi): +$26.91",26.91
162,CARF:99734468,0600448,927928324,19218445,2025-08-10,2025-08-30,fsc_mismatch,"Fuel surcharge $322.77 vs expected $295.87 (TL, diesel $3.952/gal for week of 2025-08-04; $0.491/mi vs expected $0.450/mi over 657 mi): +$26.90",26.9
163,CARF:76754307,0600472,910055751,84481835,2025-08-26,2025-09-08,fsc_mismatch,"Fuel surcharge $322.17 vs expected $295.32 (TL, diesel $3.947/gal for week of 2025-08-25; $0.490/mi vs expected $0.449/mi over 657 mi): +$26.85",26.85
164,CARF:25800798,0600465,126743057,65987079,2025-08-28,2025-09-10,fsc_mismatch,"Fuel surcharge $322.17 vs expected $295.32 (TL, diesel $3.947/gal for week of 2025-08-25; $0.490/mi vs expected $0.449/mi over 657 mi): +$26.85",26.85
165,CARF:15160230,0600009,324157751,60025280,2025-01-08,2025-01-20,fsc_mismatch,"Fuel surcharge $241.20 vs expected $215.08 (TL, diesel $3.510/gal for week of 2025-01-06; $0.422/mi vs expected $0.377/mi over 571 mi): +$26.12",26.12
166,CARF:60039209,0600571,949922009,BOL#81240756,2025-10-13,2025-10-27,fsc_mismatch,"Fuel surcharge $313.01 vs expected $286.93 (TL, diesel $4.265/gal for week of 2025-10-13; $0.548/mi vs expected $0.503/mi over 571 mi): +$26.08",26.08
167,CARF:50818822,0600583,545618915,19613881,2025-10-13,2025-11-05,fsc_mismatch,"Fuel surcharge $313.01 vs expected $286.93 (TL, diesel $4.265/gal for week of 2025-10-13; $0.548/mi vs expected $0.503/mi over 571 mi): +$26.08",26.08
168,CARF:61678293,0600551,452385456,43572508,2025-10-06,2025-10-21,fsc_mismatch,"Fuel surcharge $307.92 vs expected $282.26 (TL, diesel $4.216/gal for week of 2025-10-06; $0.539/mi vs expected $0.494/mi over 571 mi): +$25.66",25.66
169,CARF:08232475,0600552,724228829,52461876,2025-09-20,2025-10-20,fsc_mismatch,"Fuel surcharge $301.59 vs expected $276.46 (TL, diesel $4.155/gal for week of 2025-09-15; $0.528/mi vs expected $0.484/mi over 571 mi): +$25.13",25.13
170,CARF:64343597,0600576,361927122,74799457,2025-10-21,2025-10-30,fsc_mismatch,"Fuel surcharge $305.39 vs expected $280.65 (TL, diesel $4.199/gal for week of 2025-10-20; $0.535/mi vs expected $0.492/mi over 571 mi): +$24.74",24.74
171,CARF:28434535,0600491,040153189,94189560,2025-08-24,2025-09-20,fsc_mismatch,"Fuel surcharge $285.40 vs expected $261.61 (TL, diesel $3.999/gal for week of 2025-08-18; $0.500/mi vs expected $0.458/mi over 571 mi): +$23.79",23.79
172,CARF:73836070,0600434,467074472,40792898,2025-08-07,2025-08-18,fsc_mismatch,"Fuel surcharge $280.52 vs expected $257.14 (TL, diesel $3.952/gal for week of 2025-08-04; $0.491/mi vs expected $0.450/mi over 571 mi): +$23.38",23.38
173,CARF:59238869,0600460,995040077,0985 7257,2025-08-25,2025-09-03,fsc_mismatch,"Fuel surcharge $280.00 vs expected $256.66 (TL, diesel $3.947/gal for week of 2025-08-25; $0.490/mi vs expected $0.449/mi over 571 mi): +$23.34",23.34
174,CARF:93981006,0600587,156723096,32781664,2025-10-23,2025-11-03,fsc_mismatch,"Fuel surcharge $275.06 vs expected $252.14 (TL, diesel $4.199/gal for week of 2025-10-20; $0.536/mi vs expected $0.492/mi over 513 mi): +$22.92",22.92
175,CARF:23099438,0600589,360588312,94783360,2025-10-23,2025-11-04,fsc_mismatch,"Fuel surcharge $275.06 vs expected $252.14 (TL, diesel $4.199/gal for week of 2025-10-20; $0.536/mi vs expected $0.492/mi over 513 mi): +$22.92",22.92
176,CARF:72204186,0600501,805692942,45962862,2025-09-14,2025-09-20,fsc_mismatch,"Fuel surcharge $260.88 vs expected $239.14 (TL, diesel $4.047/gal for week of 2025-09-08; $0.509/mi vs expected $0.466/mi over 513 mi): +$21.74",21.74
177,CARF:08634020,0600503,247338596,50325359,2025-09-10,2025-09-21,fsc_mismatch,"Fuel surcharge $260.88 vs expected $239.14 (TL, diesel $4.047/gal for week of 2025-09-08; $0.509/mi vs expected $0.466/mi over 513 mi): +$21.74",21.74
178,CARF:30026813,0600463,978041416,64808964,2025-08-24,2025-09-06,fsc_mismatch,"Fuel surcharge $256.41 vs expected $235.04 (TL, diesel $3.999/gal for week of 2025-08-18; $0.500/mi vs expected $0.458/mi over 513 mi): +$21.37",21.37
179,CARF:92804084,0600507,664270824,22100530,2025-09-05,2025-09-28,fsc_mismatch,"Fuel surcharge $252.40 vs expected $231.36 (TL, diesel $3.956/gal for week of 2025-09-01; $0.492/mi vs expected $0.451/mi over 513 mi): +$21.04",21.04
180,CARF:47024574,0600561,242471921,30491686,2025-10-01,2025-10-24,fsc_mismatch,"Fuel surcharge $174.48 vs expected $159.94 (TL, diesel $4.221/gal for week of 2025-09-29; $0.540/mi vs expected $0.495/mi over 323 mi): +$14.54",14.54
181,CARF:84519791,0600536,100065122,05416130,2025-09-26,2025-10-06,fsc_mismatch,"Fuel surcharge $173.60 vs expected $159.13 (TL, diesel $4.206/gal for week of 2025-09-22; $0.537/mi vs expected $0.493/mi over 323 mi): +$14.47",14.47
182,CARF:73564973,0600593,190986687,BOL#56721155,2025-10-13,2025-11-07,fsc_mismatch,"Fuel surcharge $172.68 vs expected $158.29 (TL, diesel $4.265/gal for week of 2025-10-13; $0.548/mi vs expected $0.503/mi over 315 mi): +$14.39",14.39
183,CARF:49581419,0600596,421568493,6356 9979,2025-10-16,2025-11-10,fsc_mismatch,"Fuel surcharge $172.68 vs expected $158.29 (TL, diesel $4.265/gal for week of 2025-10-13; $0.548/mi vs expected $0.503/mi over 315 mi): +$14.39",14.39
184,CARF:03135104,0600504,434103560,08932048,2025-09-15,2025-09-21,fsc_mismatch,"Fuel surcharge $170.60 vs expected $156.39 (TL, diesel $4.155/gal for week of 2025-09-15; $0.528/mi vs expected $0.484/mi over 323 mi): +$14.21",14.21
185,CARF:83444367,0600521,057200459,21268096,2025-09-16,2025-09-27,fsc_mismatch,"Fuel surcharge $170.60 vs expected $156.39 (TL, diesel $4.155/gal for week of 2025-09-15; $0.528/mi vs expected $0.484/mi over 323 mi): +$14.21",14.21
186,CARF:09392301,0600522,390985878,39657585,2025-09-18,2025-10-01,fsc_mismatch,"Fuel surcharge $166.38 vs expected $152.51 (TL, diesel $4.155/gal for week of 2025-09-15; $0.528/mi vs expected $0.484/mi over 315 mi): +$13.87",13.87
187,CARF:44513099,0600444,204230480,2648-3043,2025-08-13,2025-08-28,fsc_mismatch,"Fuel surcharge $159.23 vs expected $145.51 (TL, diesel $3.953/gal for week of 2025-08-11; $0.493/mi vs expected $0.450/mi over 323 mi): +$13.72",13.72
188,CARF:63379489,0600542,620363332,07655142,2025-09-12,2025-10-09,fsc_mismatch,"Fuel surcharge $164.26 vs expected $150.57 (TL, diesel $4.047/gal for week of 2025-09-08; $0.509/mi vs expected $0.466/mi over 323 mi): +$13.69",13.69
189,CARF:17347267,0600489,959178634,88168514,2025-09-04,2025-09-19,fsc_mismatch,"Fuel surcharge $158.92 vs expected $145.67 (TL, diesel $3.956/gal for week of 2025-09-01; $0.492/mi vs expected $0.451/mi over 323 mi): +$13.25",13.25
190,CARF:58920352,0600495,548370492,01283562,2025-09-07,2025-09-20,fsc_mismatch,"Fuel surcharge $158.92 vs expected $145.67 (TL, diesel $3.956/gal for week of 2025-09-01; $0.492/mi vs expected $0.451/mi over 323 mi): +$13.25",13.25
191,CARF:16753134,0600533,653956679,01228529,2025-09-05,2025-10-04,fsc_mismatch,"Fuel surcharge $158.92 vs expected $145.67 (TL, diesel $3.956/gal for week of 2025-09-01; $0.492/mi vs expected $0.451/mi over 323 mi): +$13.25",13.25
192,CARF:31962949,0600436,427624798,93158058,2025-08-02,2025-08-20,fsc_mismatch,"Fuel surcharge $158.97 vs expected $145.73 (TL, diesel $3.957/gal for week of 2025-07-28; $0.492/mi vs expected $0.451/mi over 323 mi): +$13.24",13.24
193,CARF:82506791,0600425,939656471,77355586,2025-08-07,2025-08-13,fsc_mismatch,"Fuel surcharge $158.68 vs expected $145.46 (TL, diesel $3.952/gal for week of 2025-08-04; $0.491/mi vs expected $0.450/mi over 323 mi): +$13.22",13.22
194,CARF:46151165,0600492,376595296,15265107,2025-09-07,2025-09-20,fsc_mismatch,"Fuel surcharge $154.98 vs expected $142.06 (TL, diesel $3.956/gal for week of 2025-09-01; $0.492/mi vs expected $0.451/mi over 315 mi): +$12.92",12.92
195,CARF:16893897,0600511,288920239,bol-94817575,2025-08-28,2025-09-29,fsc_mismatch,"Fuel surcharge $154.46 vs expected $141.59 (TL, diesel $3.947/gal for week of 2025-08-25; $0.490/mi vs expected $0.449/mi over 315 mi): +$12.87",12.87
196,CARF:35934254,0600092,358221886,08592968,2025-02-19,2025-03-12,fsc_mismatch,"Fuel surcharge $788.75 vs expected $776.44 (TL, diesel $3.584/gal for week of 2025-02-17; $0.395/mi vs expected $0.389/mi over 1,996 mi): +$12.31",12.31
197,CARF:27784624,0600158,269999668,66203164,2025-04-06,2025-04-22,fsc_mismatch,"Fuel surcharge $131.90 vs expected $121.38 (TL, diesel $3.562/gal for week of 2025-03-31; $0.419/mi vs expected $0.385/mi over 315 mi): +$10.52",10.52
198,CARF:16314640,0600567,814213758,23350925,2025-10-13,2025-10-23,fsc_mismatch,"Fuel surcharge $124.44 vs expected $114.07 (TL, diesel $4.265/gal for week of 2025-10-13; $0.548/mi vs expected $0.503/mi over 227 mi): +$10.37",10.37
199,CARF:74519713,0600517,214124294,7889-3683,2025-09-23,2025-09-29,fsc_mismatch,"Fuel surcharge $122.00 vs expected $111.84 (TL, diesel $4.206/gal for week of 2025-09-22; $0.537/mi vs expected $0.493/mi over 227 mi): +$10.16",10.16
200,CARF:95261563,0600575,052733131,09334655,2025-10-23,2025-11-01,fsc_mismatch,"Fuel surcharge $121.71 vs expected $111.57 (TL, diesel $4.199/gal for week of 2025-10-20; $0.536/mi vs expected $0.491/mi over 227 mi): +$10.14",10.14
201,CARF:31478676,0600618,383484280,49799716,2025-10-26,2025-11-20,fsc_mismatch,"Fuel surcharge $121.71 vs expected $111.57 (TL, diesel $4.199/gal for week of 2025-10-20; $0.536/mi vs expected $0.491/mi over 227 mi): +$10.14",10.14
202,CARF:33086065,0600512,881029211,65153626,2025-09-15,2025-09-27,fsc_mismatch,"Fuel surcharge $120.00 vs expected $109.91 (TL, diesel $4.155/gal for week of 2025-09-15; $0.529/mi vs expected $0.484/mi over 227 mi): +$10.09",10.09
203,CARF:74452542,0600477,785942847,51705386,2025-09-05,2025-09-13,fsc_mismatch,"Fuel surcharge $111.68 vs expected $102.38 (TL, diesel $3.956/gal for week of 2025-09-01; $0.492/mi vs expected $0.451/mi over 227 mi): +$9.30",9.3
204,CARF:83007362,0600430,179157113,04519688,2025-08-09,2025-08-17,fsc_mismatch,"Fuel surcharge $111.52 vs expected $102.23 (TL, diesel $3.952/gal for week of 2025-08-04; $0.491/mi vs expected $0.450/mi over 227 mi): +$9.29",9.29
205,CARF:96527895,0600468,838520352,68080174,2025-08-25,2025-09-10,fsc_mismatch,"Fuel surcharge $111.31 vs expected $102.04 (TL, diesel $3.947/gal for week of 2025-08-25; $0.490/mi vs expected $0.450/mi over 227 mi): +$9.27",9.27
206,CARF:25835436,0600476,523823288,80836442,2025-08-31,2025-09-14,fsc_mismatch,"Fuel surcharge $111.31 vs expected $102.04 (TL, diesel $3.947/gal for week of 2025-08-25; $0.490/mi vs expected $0.450/mi over 227 mi): +$9.27",9.27
207,CARF:50920745,0600539,257839978,02166753,2025-09-29,2025-10-11,fsc_mismatch,"Fuel surcharge $106.77 vs expected $97.55 (TL, diesel $4.221/gal for week of 2025-09-29; $0.542/mi vs expected $0.495/mi over 197 mi): +$9.22",9.22
208,CARF:04213604,0600554,062158017,85946781,2025-10-08,2025-10-21,fsc_mismatch,"Fuel surcharge $106.24 vs expected $97.38 (TL, diesel $4.216/gal for week of 2025-10-06; $0.539/mi vs expected $0.494/mi over 197 mi): +$8.86",8.86
209,CARF:86068522,0600588,514388266,75109695,2025-10-22,2025-11-07,fsc_mismatch,"Fuel surcharge $105.63 vs expected $96.83 (TL, diesel $4.199/gal for week of 2025-10-20; $0.536/mi vs expected $0.492/mi over 197 mi): +$8.80",8.8
210,CARF:74520712,0600417,681556726,06112771,2025-08-02,2025-08-12,fsc_mismatch,"Fuel surcharge $96.96 vs expected $88.88 (TL, diesel $3.957/gal for week of 2025-07-28; $0.492/mi vs expected $0.451/mi over 197 mi): +$8.08",8.08
211,CARF:82839818,0600443,673929712,6023-9935,2025-08-11,2025-08-23,fsc_mismatch,"Fuel surcharge $96.82 vs expected $88.75 (TL, diesel $3.953/gal for week of 2025-08-11; $0.491/mi vs expected $0.451/mi over 197 mi): +$8.07",8.07
212,CARF:37938273,0600446,593159647,83031539,2025-08-15,2025-08-29,fsc_mismatch,"Fuel surcharge $96.82 vs expected $88.75 (TL, diesel $3.953/gal for week of 2025-08-11; $0.491/mi vs expected $0.451/mi over 197 mi): +$8.07",8.07
213,CARF:81620272,0600499,370340000,40634461,2025-09-05,2025-09-25,fsc_mismatch,"Fuel surcharge $96.92 vs expected $88.85 (TL, diesel $3.956/gal for week of 2025-09-01; $0.492/mi vs expected $0.451/mi over 197 mi): +$8.07",8.07
214,CARF:51250773,0600427,122587462,62891702,2025-08-05,2025-08-17,fsc_mismatch,"Fuel surcharge $96.78 vs expected $88.72 (TL, diesel $3.952/gal for week of 2025-08-04; $0.491/mi vs expected $0.450/mi over 197 mi): +$8.06",8.06
215,CARF:48691341,0600435,126133665,19438248,2025-08-04,2025-08-21,fsc_mismatch,"Fuel surcharge $96.78 vs expected $88.72 (TL, diesel $3.952/gal for week of 2025-08-04; $0.491/mi vs expected $0.450/mi over 197 mi): +$8.06",8.06
216,CARF:89895415,0600464,062258629,15315929,2025-08-26,2025-09-06,fsc_mismatch,"Fuel surcharge $96.60 vs expected $88.55 (TL, diesel $3.947/gal for week of 2025-08-25; $0.490/mi vs expected $0.449/mi over 197 mi): +$8.05",8.05
217,CARF:21353518,0600429,118981951,23936998,2025-08-07,2025-08-16,fsc_mismatch,"Fuel surcharge $96.73 vs expected $88.72 (TL, diesel $3.952/gal for week of 2025-08-04; $0.491/mi vs expected $0.450/mi over 197 mi): +$8.01",8.01
218,CARF:03279148,0600123,538014797,76835546,2025-03-13,2025-03-31,fsc_mismatch,"Fuel surcharge $223.02 vs expected $217.74 (TL, diesel $3.538/gal for week of 2025-03-10; $0.391/mi vs expected $0.381/mi over 571 mi): +$5.28",5.28
