Inv Number,Pro Number,BOL,Control No,Inv Date,Ship Date,Orig,Dest,Weight Lbs,Charge Description,Amount,Type,Orig Invoice Ref
0401547,850813457,BOL#86097152,11687487,28-Nov-25,07-Nov-25,COLUMBUS OH,Pittsburgh  PA,2242,LINEHAUL,284.06,ORIGINAL,
0401547,850813457,BOL#86097152,11687487,28-Nov-25,07-Nov-25,COLUMBUS OH,Pittsburgh  PA,2242,FUEL SURCHARGE,74.14,ORIGINAL,
0401557,765911037,BOL#35089610,27262907,30-Nov-25,15-Nov-25,Atlanta GA,Nashville TN,2600,LINEHAUL,358.80,ORIGINAL,
0401557,765911037,BOL#35089610,27262907,30-Nov-25,15-Nov-25,Atlanta GA,Nashville TN,2600,FUEL SURCHARGE,96.88,ORIGINAL,
0401541,595914357,BOL#01711769,44074313,27-Nov-25,10-Nov-25,"memphis,tn","Orlando, FL",1482,LINEHAUL,529.96,ORIGINAL,
0401541,595914357,BOL#01711769,44074313,27-Nov-25,10-Nov-25,"memphis,tn","Orlando, FL",1482,FUEL SURCHARGE,143.09,ORIGINAL,
0401540,899140310,BOL#78012688,45316867,27-Nov-25,26-Oct-25,"Atlanta, GA","PITTSBURGH, PA.",2547,LINEHAUL,596.76,ORIGINAL,
0401540,899140310,BOL#78012688,45316867,27-Nov-25,26-Oct-25,"Atlanta, GA","PITTSBURGH, PA.",2547,FUEL SURCHARGE,155.75,ORIGINAL,
0401562,512315597,BOL#45023166,61606257,01-Dec-25,07-Nov-25,DALLAS TX,"louisville,ky",920,LINEHAUL,368.00,ORIGINAL,
0401562,512315597,BOL#45023166,61606257,01-Dec-25,07-Nov-25,DALLAS TX,"louisville,ky",920,FUEL SURCHARGE,96.05,ORIGINAL,
0401553,296288930,BOL#84514844,96622746,29-Nov-25,11-Nov-25,"MEMPHIS, TN.",Pittsburgh  PA,4540,LINEHAUL,1271.50,ORIGINAL,
0401553,296288930,BOL#84514844,96622746,29-Nov-25,11-Nov-25,"MEMPHIS, TN.",Pittsburgh  PA,4540,FUEL SURCHARGE,343.31,ORIGINAL,
0401549,683279657,BOL#42048095,48350615,28-Nov-25,12-Nov-25,Columbus  OH,"New York, NY",3487,LINEHAUL,821.19,ORIGINAL,
0401549,683279657,BOL#42048095,48350615,28-Nov-25,12-Nov-25,Columbus  OH,"New York, NY",3487,FUEL SURCHARGE,221.72,ORIGINAL,
0401559,737542117,BOL#14559712,55739327,30-Nov-25,18-Nov-25,COLUMBUS OH,INDIANAPOLIS IN,390,LINEHAUL,110.00,ORIGINAL,
0401559,737542117,BOL#14559712,55739327,30-Nov-25,18-Nov-25,COLUMBUS OH,INDIANAPOLIS IN,390,FUEL SURCHARGE,28.71,ORIGINAL,
0401565,182479587,BOL#33136238,55914962,01-Dec-25,25-Nov-25,"Chicago, IL",Detroit MI,426,LINEHAUL,110.03,ORIGINAL,
0401565,182479587,BOL#33136238,55914962,01-Dec-25,25-Nov-25,"Chicago, IL",Detroit MI,426,FUEL SURCHARGE,27.72,ORIGINAL,
0401555,146722365,BOL#15944547,65554533,30-Nov-25,26-Oct-25,"dallas,tx","seattle,wa",999,LINEHAUL,722.50,ORIGINAL,
0401555,146722365,BOL#15944547,65554533,30-Nov-25,26-Oct-25,"dallas,tx","seattle,wa",999,FUEL SURCHARGE,188.57,ORIGINAL,
0401546,363727375,BOL#65621621,69123760,28-Nov-25,04-Nov-25,"DALLAS, TX.",PITTSBURGH PA,780,LINEHAUL,446.78,ORIGINAL,
0401546,363727375,BOL#65621621,69123760,28-Nov-25,04-Nov-25,"DALLAS, TX.",PITTSBURGH PA,780,FUEL SURCHARGE,116.61,ORIGINAL,
0401546,363727375,BOL#65621621,69123760,28-Nov-25,04-Nov-25,"DALLAS, TX.",PITTSBURGH PA,780,RESIDENTIAL DELIVERY,125.00,ORIGINAL,
0401569,525225121,BOL#01244413,72671058,02-Dec-25,21-Nov-25,"Memphis, TN","pittsburgh,pa",790,LINEHAUL,320.82,ORIGINAL,
0401569,525225121,BOL#01244413,72671058,02-Dec-25,21-Nov-25,"Memphis, TN","pittsburgh,pa",790,FUEL SURCHARGE,83.73,ORIGINAL,
0401552,009392642,BOL#36303094,84571149,29-Nov-25,01-Nov-25,Dallas  TX,MIAMI FL,506,LINEHAUL,309.12,ORIGINAL,
0401552,009392642,BOL#36303094,84571149,29-Nov-25,01-Nov-25,Dallas  TX,MIAMI FL,506,FUEL SURCHARGE,80.68,ORIGINAL,
0401556,838505335,BOL#05891419,95311281,30-Nov-25,12-Nov-25,"dallas,tx",Phoenix AZ,875,LINEHAUL,431.10,ORIGINAL,
0401556,838505335,BOL#05891419,95311281,30-Nov-25,12-Nov-25,"dallas,tx",Phoenix AZ,875,FUEL SURCHARGE,116.40,ORIGINAL,
0401568,966035593,BOL#37700679,16756482,02-Dec-25,14-Nov-25,Columbus OH,New York NY,858,LINEHAUL,273.36,ORIGINAL,
0401568,966035593,BOL#37700679,16756482,02-Dec-25,14-Nov-25,Columbus OH,New York NY,858,FUEL SURCHARGE,73.81,ORIGINAL,
0401560,384474565,BOL#60681032,10770862,30-Nov-25,19-Nov-25,Atlanta GA,Kansas City MO,4034,LINEHAUL,1205.36,ORIGINAL,
0401560,384474565,BOL#60681032,10770862,30-Nov-25,19-Nov-25,Atlanta GA,Kansas City MO,4034,FUEL SURCHARGE,314.60,ORIGINAL,
0401558,355123499,BOL#20095714,13593035,30-Nov-25,16-Nov-25,"memphis,tn","Pittsburgh, PA",4210,LINEHAUL,1263.84,ORIGINAL,
0401558,355123499,BOL#20095714,13593035,30-Nov-25,16-Nov-25,"memphis,tn","Pittsburgh, PA",4210,FUEL SURCHARGE,341.24,ORIGINAL,
0401561,818997467,BOL#9235-0009,18696876,01-Dec-25,05-Nov-25,"atlanta,ga",Indianapolis IN,1693,LINEHAUL,409.37,ORIGINAL,
0401561,818997467,BOL#9235-0009,18696876,01-Dec-25,05-Nov-25,"atlanta,ga",Indianapolis IN,1693,FUEL SURCHARGE,106.85,ORIGINAL,
0401566,840531240,BOL#59178654,36400223,02-Dec-25,22-Oct-25,"dallas,tx",Pittsburgh PA,1297,LINEHAUL,647.66,ORIGINAL,
0401566,840531240,BOL#59178654,36400223,02-Dec-25,22-Oct-25,"dallas,tx",Pittsburgh PA,1297,FUEL SURCHARGE,168.59,ORIGINAL,
0401563,979374647,BOL#41103921,45241356,01-Dec-25,08-Nov-25,Memphis TN,"orlando,fl",1519,LINEHAUL,544.62,ORIGINAL,
0401563,979374647,BOL#41103921,45241356,01-Dec-25,08-Nov-25,Memphis TN,"orlando,fl",1519,FUEL SURCHARGE,141.33,ORIGINAL,
0401573,994928089,BOL#75337409,84412033,04-Dec-25,26-Oct-25,DALLAS TX,"Detroit, MI",3848,LINEHAUL,1547.40,ORIGINAL,
0401573,994928089,BOL#75337409,84412033,04-Dec-25,26-Oct-25,DALLAS TX,"Detroit, MI",3848,FUEL SURCHARGE,403.34,ORIGINAL,
0401564,243641758,BOL#83723856,66419398,01-Dec-25,10-Nov-25,Columbus  OH,New York  NY,1848,LINEHAUL,471.00,ORIGINAL,
0401564,243641758,BOL#83723856,66419398,01-Dec-25,10-Nov-25,Columbus  OH,New York  NY,1848,FUEL SURCHARGE,127.17,ORIGINAL,
0401580,281120960,BOL#41715644,03749591,07-Dec-25,03-Nov-25,"CHICAGO, IL.","Indianapolis, IN",1445,LINEHAUL,216.75,ORIGINAL,
0401580,281120960,BOL#41715644,03749591,07-Dec-25,03-Nov-25,"CHICAGO, IL.","Indianapolis, IN",1445,FUEL SURCHARGE,56.57,ORIGINAL,
0401577,788437173,BOL#84977236,11618597,06-Dec-25,19-Nov-25,"Dallas, TX","Louisville, KY",978,LINEHAUL,368.00,ORIGINAL,
0401577,788437173,BOL#84977236,11618597,06-Dec-25,19-Nov-25,"Dallas, TX","Louisville, KY",978,FUEL SURCHARGE,96.05,ORIGINAL,
0401571,211044070,BOL#42323067,26561992,03-Dec-25,15-Nov-25,"dallas,tx","Detroit, MI",233,LINEHAUL,148.63,ORIGINAL,
0401571,211044070,BOL#42323067,26561992,03-Dec-25,15-Nov-25,"dallas,tx","Detroit, MI",233,FUEL SURCHARGE,40.13,ORIGINAL,
0401567,404534290,BOL#68127055,64766588,02-Dec-25,13-Nov-25,Atlanta GA,Nashville TN,2158,LINEHAUL,297.80,ORIGINAL,
0401567,404534290,BOL#68127055,64766588,02-Dec-25,13-Nov-25,Atlanta GA,Nashville TN,2158,FUEL SURCHARGE,80.41,ORIGINAL,
0401582,383386447,BOL#3697-9034,79055902,07-Dec-25,19-Nov-25,"Atlanta, GA","houston,tx",1456,LINEHAUL,521.10,ORIGINAL,
0401582,383386447,BOL#3697-9034,79055902,07-Dec-25,19-Nov-25,"Atlanta, GA","houston,tx",1456,FUEL SURCHARGE,136.01,ORIGINAL,
0401582,383386447,BOL#3697-9034,79055902,07-Dec-25,19-Nov-25,"Atlanta, GA","houston,tx",1456,LIFTGATE SERVICE,95.00,ORIGINAL,
0401570,581601596,BOL#35113850,95764134,03-Dec-25,30-Oct-25,"DALLAS, TX.",Boston MA,2060,LINEHAUL,1189.65,ORIGINAL,
0401570,581601596,BOL#35113850,95764134,03-Dec-25,30-Oct-25,"DALLAS, TX.",Boston MA,2060,FUEL SURCHARGE,310.50,ORIGINAL,
0401572,088113936,BOL#58246226,96982159,03-Dec-25,19-Nov-25,ATLANTA GA,"Houston, TX",204,LINEHAUL,110.00,ORIGINAL,
0401572,088113936,BOL#58246226,96982159,03-Dec-25,19-Nov-25,ATLANTA GA,"Houston, TX",204,FUEL SURCHARGE,28.71,ORIGINAL,
0401581,269510059,BOL#6106 2556,02359728,07-Dec-25,07-Nov-25,Dallas TX,Boston MA,467,LINEHAUL,390.65,ORIGINAL,
0401581,269510059,BOL#6106 2556,02359728,07-Dec-25,07-Nov-25,Dallas TX,Boston MA,467,FUEL SURCHARGE,101.96,ORIGINAL,
0401578,213844309,BOL#12536441,20488234,06-Dec-25,18-Oct-25,"Dallas, TX","KANSAS CITY, MO.",460,LIFTGATE SERVICE,95.00,BAL DUE,
0401574,883413327,BOL#78959168,28085851,04-Dec-25,02-Nov-25,CHICAGO IL,"DETROIT, MI.",478,LINEHAUL,110.00,ORIGINAL,
0401574,883413327,BOL#78959168,28085851,04-Dec-25,02-Nov-25,CHICAGO IL,"DETROIT, MI.",478,FUEL SURCHARGE,28.71,ORIGINAL,
0401588,077593997,BOL#62168464,29249454,08-Dec-25,02-Nov-25,"Dallas, TX","PHOENIX, AZ.",398,LINEHAUL,231.64,ORIGINAL,
0401588,077593997,BOL#62168464,29249454,08-Dec-25,02-Nov-25,"Dallas, TX","PHOENIX, AZ.",398,FUEL SURCHARGE,60.46,ORIGINAL,
0401575,736347127,BOL#79414569,00336180,05-Dec-25,22-Nov-25,"Columbus, OH",INDIANAPOLIS IN,1909,LINEHAUL,236.80,ORIGINAL,
0401575,736347127,BOL#79414569,00336180,05-Dec-25,22-Nov-25,"Columbus, OH",INDIANAPOLIS IN,1909,FUEL SURCHARGE,61.80,ORIGINAL,
0401575,736347127,BOL#79414569,00336180,05-Dec-25,22-Nov-25,"Columbus, OH",INDIANAPOLIS IN,1909,LIFTGATE SERVICE,95.00,ORIGINAL,
0401576,254155626,BOL#03173578,33966213,05-Dec-25,27-Nov-25,Dallas  TX,"Pittsburgh, PA",3087,LINEHAUL,1307.04,ORIGINAL,
0401576,254155626,BOL#03173578,33966213,05-Dec-25,27-Nov-25,Dallas  TX,"Pittsburgh, PA",3087,FUEL SURCHARGE,329.37,ORIGINAL,
0401579,716435479,BOL#47193817,80581024,07-Dec-25,18-Oct-25,"CHICAGO, IL.","ORLANDO, FL.",6297,LINEHAUL,2088.09,ORIGINAL,
0401579,716435479,BOL#47193817,80581024,07-Dec-25,18-Oct-25,"CHICAGO, IL.","ORLANDO, FL.",6297,FUEL SURCHARGE,563.78,ORIGINAL,
0401594,393045857,BOL#31223100,51314795,10-Dec-25,13-Nov-25,"ATLANTA, GA.",Pittsburgh PA,965,LINEHAUL,275.60,ORIGINAL,
0401594,393045857,BOL#31223100,51314795,10-Dec-25,13-Nov-25,"ATLANTA, GA.",Pittsburgh PA,965,FUEL SURCHARGE,74.56,ORIGINAL,
0401590,693023560,BOL#44361772,53259956,10-Dec-25,18-Sep-25,"Atlanta, GA","indianapolis,in",1050,LINEHAUL,253.89,ORIGINAL,
0401590,693023560,BOL#44361772,53259956,10-Dec-25,18-Sep-25,"Atlanta, GA","indianapolis,in",1050,FUEL SURCHARGE,66.27,ORIGINAL,
0401590,693023560,BOL#44361772,53259956,10-Dec-25,18-Sep-25,"Atlanta, GA","indianapolis,in",1050,LIFTGATE SERVICE,95.00,ORIGINAL,
0401590,693023560,BOL#44361772,53259956,10-Dec-25,18-Sep-25,"Atlanta, GA","indianapolis,in",1050,RESIDENTIAL DELIVERY,125.00,ORIGINAL,
0401591,902481455,BOL#92887285,70320133,10-Dec-25,19-Oct-25,DALLAS TX,"PITTSBURGH, PA.",1192,LINEHAUL,593.74,ORIGINAL,
0401591,902481455,BOL#92887285,70320133,10-Dec-25,19-Oct-25,DALLAS TX,"PITTSBURGH, PA.",1192,FUEL SURCHARGE,160.37,ORIGINAL,
0401587,884915072,BOL#64566919,99366226,07-Dec-25,30-Oct-25,Columbus OH,"louisville,ky",341,LIFTGATE SERVICE,95.00,BAL DUE,
0401589,935377891,bol-92565769,00131061,09-Dec-25,30-Nov-25,"dallas,tx",Miami FL,2600,LINEHAUL,1173.90,ORIGINAL,
0401589,935377891,bol-92565769,00131061,09-Dec-25,30-Nov-25,"dallas,tx",Miami FL,2600,FUEL SURCHARGE,295.82,ORIGINAL,
0401597,098290299,BOL#47121344,17040064,10-Dec-25,27-Nov-25,Columbus  OH,Indianapolis IN,532,LINEHAUL,110.00,ORIGINAL,
0401597,098290299,BOL#47121344,17040064,10-Dec-25,27-Nov-25,Columbus  OH,Indianapolis IN,532,FUEL SURCHARGE,27.72,ORIGINAL,
0401606,068335174,BOL#78700123,24081264,11-Dec-25,21-Nov-25,DALLAS TX,"Seattle, WA",2788,LINEHAUL,1712.11,ORIGINAL,
0401606,068335174,BOL#78700123,24081264,11-Dec-25,21-Nov-25,DALLAS TX,"Seattle, WA",2788,FUEL SURCHARGE,446.86,ORIGINAL,
0401606,068335174,BOL#78700123,24081264,11-Dec-25,21-Nov-25,DALLAS TX,"Seattle, WA",2788,RESIDENTIAL DELIVERY,125.00,ORIGINAL,
0401596,044280741,BOL#97315258,37233663,10-Dec-25,26-Nov-25,Columbus  OH,Los Angeles  CA,2176,LINEHAUL,1624.38,ORIGINAL,
0401596,044280741,BOL#97315258,37233663,10-Dec-25,26-Nov-25,Columbus  OH,Los Angeles  CA,2176,FUEL SURCHARGE,453.20,ORIGINAL,
0401596,044280741,BOL#97315258,37233663,10-Dec-25,26-Nov-25,Columbus  OH,Los Angeles  CA,2176,RESIDENTIAL DELIVERY,125.00,ORIGINAL,
0401586,926398244,BOL#47447836,37685246,07-Dec-25,26-Nov-25,ATLANTA GA,"Boston, MA",1990,LINEHAUL,785.00,ORIGINAL,
0401586,926398244,BOL#47447836,37685246,07-Dec-25,26-Nov-25,ATLANTA GA,"Boston, MA",1990,FUEL SURCHARGE,197.82,ORIGINAL,
0401586,926398244,BOL#47447836,37685246,07-Dec-25,26-Nov-25,ATLANTA GA,"Boston, MA",1990,LIFTGATE SERVICE,95.00,ORIGINAL,
0401605,818233416,BOL#93742433,50724788,11-Dec-25,21-Nov-25,Atlanta GA,"indianapolis,in",2630,LINEHAUL,540.47,ORIGINAL,
0401605,818233416,BOL#93742433,50724788,11-Dec-25,21-Nov-25,Atlanta GA,"indianapolis,in",2630,FUEL SURCHARGE,141.06,ORIGINAL,
0401583,626461908,bol-71540772,91196386,07-Dec-25,21-Nov-25,Columbus  OH,"los angeles,ca",1930,LINEHAUL,1489.39,ORIGINAL,
0401583,626461908,bol-71540772,91196386,07-Dec-25,21-Nov-25,Columbus  OH,"los angeles,ca",1930,FUEL SURCHARGE,389.67,ORIGINAL,
0401584,773461138,BOL#42055330,95346959,07-Dec-25,22-Nov-25,"columbus,oh",Los Angeles CA,4264,LINEHAUL,3161.50,ORIGINAL,
0401584,773461138,BOL#42055330,95346959,07-Dec-25,22-Nov-25,"columbus,oh",Los Angeles CA,4264,FUEL SURCHARGE,825.15,ORIGINAL,
0401584,773461138,BOL#42055330,95346959,07-Dec-25,22-Nov-25,"columbus,oh",Los Angeles CA,4264,LIFTGATE SERVICE,95.00,ORIGINAL,
0401585,739405581,BOL#79248933,66744135,07-Dec-25,23-Nov-25,"Columbus, OH","Indianapolis, IN",758,LINEHAUL,121.43,ORIGINAL,
0401585,739405581,BOL#79248933,66744135,07-Dec-25,23-Nov-25,"Columbus, OH","Indianapolis, IN",758,FUEL SURCHARGE,31.69,ORIGINAL,
0401598,848844087,bol-61978722,91557926,11-Dec-25,21-Sep-25,"Columbus, OH","Pittsburgh, PA",973,LINEHAUL,149.00,ORIGINAL,
0401598,848844087,bol-61978722,91557926,11-Dec-25,21-Sep-25,"Columbus, OH","Pittsburgh, PA",973,FUEL SURCHARGE,38.89,ORIGINAL,
0401614,337218309,BOL-80862913,13658617,12-Dec-25,26-Nov-25,"Columbus, OH",Pittsburgh  PA,1121,LINEHAUL,167.03,ORIGINAL,
0401614,337218309,BOL-80862913,13658617,12-Dec-25,26-Nov-25,"Columbus, OH",Pittsburgh  PA,1121,FUEL SURCHARGE,42.09,ORIGINAL,
0401604,952254175,BOL#16994924,14914687,11-Dec-25,20-Nov-25,Memphis TN,"Nashville, TN",2616,LINEHAUL,366.24,ORIGINAL,
0401604,952254175,BOL#16994924,14914687,11-Dec-25,20-Nov-25,Memphis TN,"Nashville, TN",2616,FUEL SURCHARGE,95.59,ORIGINAL,
0401607,432354677,BOL#2969 1037,15928100,11-Dec-25,24-Nov-25,Dallas TX,LOUISVILLE KY,1623,LINEHAUL,597.26,ORIGINAL,
0401607,432354677,BOL#2969 1037,15928100,11-Dec-25,24-Nov-25,Dallas TX,LOUISVILLE KY,1623,FUEL SURCHARGE,150.51,ORIGINAL,
0401607,432354677,BOL#2969 1037,15928100,11-Dec-25,24-Nov-25,Dallas TX,LOUISVILLE KY,1623,RESIDENTIAL DELIVERY,125.00,ORIGINAL,
0401592,804630684,BOL#50960451,18012456,10-Dec-25,03-Nov-25,COLUMBUS OH,"Pittsburgh, PA",664,LINEHAUL,113.81,ORIGINAL,
0401592,804630684,BOL#50960451,18012456,10-Dec-25,03-Nov-25,COLUMBUS OH,"Pittsburgh, PA",664,FUEL SURCHARGE,29.70,ORIGINAL,
0401609,237688867,BOL#8828-5356,22701764,12-Dec-25,09-Nov-25,"Columbus, OH",LOUISVILLE KY,1167,LINEHAUL,194.54,ORIGINAL,
0401609,237688867,BOL#8828-5356,22701764,12-Dec-25,09-Nov-25,"Columbus, OH",LOUISVILLE KY,1167,FUEL SURCHARGE,50.77,ORIGINAL,
0401602,424968217,BOL#12320075,49594112,11-Dec-25,17-Nov-25,CHICAGO IL,INDIANAPOLIS IN,574,LINEHAUL,110.00,ORIGINAL,
0401602,424968217,BOL#12320075,49594112,11-Dec-25,17-Nov-25,CHICAGO IL,INDIANAPOLIS IN,574,FUEL SURCHARGE,28.71,ORIGINAL,
0401608,699145398,BOL#80144856,98230178,11-Dec-25,03-Dec-25,COLUMBUS OH,Pittsburgh  PA,500,LINEHAUL,110.00,ORIGINAL,
0401608,699145398,BOL#80144856,98230178,11-Dec-25,03-Dec-25,COLUMBUS OH,Pittsburgh  PA,500,FUEL SURCHARGE,27.72,ORIGINAL,
0401608,699145398,BOL#80144856,98230178,11-Dec-25,03-Dec-25,COLUMBUS OH,Pittsburgh  PA,500,LIFTGATE SERVICE,95.00,ORIGINAL,
0401611,996953924,BOL#40838708,13953612,12-Dec-25,16-Nov-25,Atlanta GA,Kansas City  MO,529,LINEHAUL,213.87,ORIGINAL,
0401611,996953924,BOL#40838708,13953612,12-Dec-25,16-Nov-25,Atlanta GA,Kansas City  MO,529,FUEL SURCHARGE,57.74,ORIGINAL,
0401621,567834115,bol-90689655,16592259,13-Dec-25,17-Nov-25,Memphis TN,PITTSBURGH PA,451,LINEHAUL,203.05,ORIGINAL,
0401621,567834115,bol-90689655,16592259,13-Dec-25,17-Nov-25,Memphis TN,PITTSBURGH PA,451,FUEL SURCHARGE,53.00,ORIGINAL,
0401619,308959709,BOL#32733329,18639335,13-Dec-25,10-Nov-25,Memphis TN,Pittsburgh  PA,2867,LINEHAUL,860.67,ORIGINAL,
0401619,308959709,BOL#32733329,18639335,13-Dec-25,10-Nov-25,Memphis TN,Pittsburgh  PA,2867,FUEL SURCHARGE,232.38,ORIGINAL,
0401619,308959709,BOL#32733329,18639335,13-Dec-25,10-Nov-25,Memphis TN,Pittsburgh  PA,2867,RESIDENTIAL DELIVERY,125.00,ORIGINAL,
0401599,682058119,BOL#58197617,67705013,11-Dec-25,21-Oct-25,"MEMPHIS, TN.","pittsburgh,pa",475,LINEHAUL,203.05,ORIGINAL,
0401599,682058119,BOL#58197617,67705013,11-Dec-25,21-Oct-25,"MEMPHIS, TN.","pittsburgh,pa",475,FUEL SURCHARGE,56.65,ORIGINAL,
0401613,318966799,BOL#51388941,80897207,12-Dec-25,24-Nov-25,Atlanta GA,BOSTON MA,396,LINEHAUL,246.83,ORIGINAL,
0401613,318966799,BOL#51388941,80897207,12-Dec-25,24-Nov-25,Atlanta GA,BOSTON MA,396,FUEL SURCHARGE,62.20,ORIGINAL,
0401612,522695853,BOL#03964827,11752391,12-Dec-25,20-Nov-25,Dallas  TX,"Phoenix, AZ",740,LINEHAUL,366.89,ORIGINAL,
0401612,522695853,BOL#03964827,11752391,12-Dec-25,20-Nov-25,Dallas  TX,"Phoenix, AZ",740,FUEL SURCHARGE,95.76,ORIGINAL,
0401595,002249104,BOL#22957429,34929091,10-Dec-25,25-Nov-25,"memphis,tn","houston,tx",617,LINEHAUL,202.01,ORIGINAL,
0401595,002249104,BOL#22957429,34929091,10-Dec-25,25-Nov-25,"memphis,tn","houston,tx",617,FUEL SURCHARGE,50.91,ORIGINAL,
0401637,132521030,BOL#99087636,42354585,15-Dec-25,06-Dec-25,"atlanta,ga","boston,ma",1418,LINEHAUL,654.69,ORIGINAL,
0401637,132521030,BOL#99087636,42354585,15-Dec-25,06-Dec-25,"atlanta,ga","boston,ma",1418,FUEL SURCHARGE,164.98,ORIGINAL,
0401637,132521030,BOL#99087636,42354585,15-Dec-25,06-Dec-25,"atlanta,ga","boston,ma",1418,LIFTGATE SERVICE,95.00,ORIGINAL,
0401603,343776680,BOL#13372569,59775730,11-Dec-25,17-Nov-25,Columbus  OH,"INDIANAPOLIS, IN.",157,LINEHAUL,110.00,ORIGINAL,
0401603,343776680,BOL#13372569,59775730,11-Dec-25,17-Nov-25,Columbus  OH,"INDIANAPOLIS, IN.",157,FUEL SURCHARGE,28.71,ORIGINAL,
0401600,200539642,BOL#14503787,61366466,11-Dec-25,06-Nov-25,ATLANTA GA,KANSAS CITY MO,2084,LINEHAUL,622.70,ORIGINAL,
0401600,200539642,BOL#14503787,61366466,11-Dec-25,06-Nov-25,ATLANTA GA,KANSAS CITY MO,2084,FUEL SURCHARGE,162.52,ORIGINAL,
0401624,697685742,BOL#2592 6747,81079968,13-Dec-25,25-Nov-25,"DALLAS, TX.","philadelphia,pa",388,LINEHAUL,328.56,ORIGINAL,
0401624,697685742,BOL#2592 6747,81079968,13-Dec-25,25-Nov-25,"DALLAS, TX.","philadelphia,pa",388,FUEL SURCHARGE,82.80,ORIGINAL,
0401601,233550135,BOL#36931191,94101852,11-Dec-25,16-Nov-25,Atlanta  GA,Houston  TX,1320,LINEHAUL,474.20,ORIGINAL,
0401601,233550135,BOL#36931191,94101852,11-Dec-25,16-Nov-25,Atlanta  GA,Houston  TX,1320,FUEL SURCHARGE,127.66,ORIGINAL,
0401593,739188025,bol-14800363,99149712,10-Dec-25,10-Nov-25,Memphis TN,Pittsburgh  PA,601,LINEHAUL,244.07,ORIGINAL,
0401593,739188025,bol-14800363,99149712,10-Dec-25,10-Nov-25,Memphis TN,Pittsburgh  PA,601,FUEL SURCHARGE,65.90,ORIGINAL,
0401631,315513947,BOL#96012478,34490500,14-Dec-25,25-Nov-25,Dallas TX,"detroit,mi",673,LINEHAUL,365.71,ORIGINAL,
0401631,315513947,BOL#96012478,34490500,14-Dec-25,25-Nov-25,Dallas TX,"detroit,mi",673,FUEL SURCHARGE,92.16,ORIGINAL,
0401640,430643662,BOL#21782697,64592299,16-Dec-25,19-Nov-25,"memphis,tn","pittsburgh,pa",480,LINEHAUL,203.05,ORIGINAL,
0401640,430643662,BOL#21782697,64592299,16-Dec-25,19-Nov-25,"memphis,tn","pittsburgh,pa",480,FUEL SURCHARGE,53.00,ORIGINAL,
0401642,542875501,BOL#50352033,71703428,16-Dec-25,26-Nov-25,"columbus,oh",Pittsburgh  PA,830,LINEHAUL,142.26,ORIGINAL,
0401642,542875501,BOL#50352033,71703428,16-Dec-25,26-Nov-25,"columbus,oh",Pittsburgh  PA,830,FUEL SURCHARGE,35.85,ORIGINAL,
0401628,943839960,BOL#85221911,71989472,14-Dec-25,04-Nov-25,DALLAS TX,Kansas City MO,5966,LINEHAUL,1163.97,ORIGINAL,
0401628,943839960,BOL#85221911,71989472,14-Dec-25,04-Nov-25,DALLAS TX,Kansas City MO,5966,FUEL SURCHARGE,303.66,ORIGINAL,
0401638,081505378,BOL#74133797,98033593,16-Dec-25,22-Oct-25,"memphis,tn","NASHVILLE, TN.",2346,LINEHAUL,328.44,ORIGINAL,
0401638,081505378,BOL#74133797,98033593,16-Dec-25,22-Oct-25,"memphis,tn","NASHVILLE, TN.",2346,FUEL SURCHARGE,85.72,ORIGINAL,
0401638,081505378,BOL#74133797,98033593,16-Dec-25,22-Oct-25,"memphis,tn","NASHVILLE, TN.",2346,RESIDENTIAL DELIVERY,125.00,ORIGINAL,
0401632,336058430,BOL#1785-4087,18612532,14-Dec-25,04-Dec-25,"Atlanta, GA",KANSAS CITY MO,923,LINEHAUL,351.49,ORIGINAL,
0401632,336058430,BOL#1785-4087,18612532,14-Dec-25,04-Dec-25,"Atlanta, GA",KANSAS CITY MO,923,FUEL SURCHARGE,88.26,ORIGINAL,
0401616,736423673,BOL#80561472,28532030,12-Dec-25,04-Dec-25,Chicago  IL,"orlando,fl",622,LINEHAUL,329.47,ORIGINAL,
0401616,736423673,BOL#80561472,28532030,12-Dec-25,04-Dec-25,Chicago  IL,"orlando,fl",622,FUEL SURCHARGE,83.03,ORIGINAL,
0401625,986218621,BOL#76460607,37841596,13-Dec-25,27-Nov-25,DALLAS TX,Philadelphia PA,505,LINEHAUL,364.31,ORIGINAL,
0401625,986218621,BOL#76460607,37841596,13-Dec-25,27-Nov-25,DALLAS TX,Philadelphia PA,505,FUEL SURCHARGE,91.81,ORIGINAL,
0401625,986218621,BOL#76460607,37841596,13-Dec-25,27-Nov-25,DALLAS TX,Philadelphia PA,505,LIFTGATE SERVICE,95.00,ORIGINAL,
0401610,423773547,BOL#56720682,69608110,12-Dec-25,10-Nov-25,"columbus,oh","pittsburgh,pa",1987,LINEHAUL,253.40,ORIGINAL,
0401610,423773547,BOL#56720682,69608110,12-Dec-25,10-Nov-25,"columbus,oh","pittsburgh,pa",1987,FUEL SURCHARGE,68.42,ORIGINAL,
0401610,423773547,BOL#56720682,69608110,12-Dec-25,10-Nov-25,"columbus,oh","pittsburgh,pa",1987,LIFTGATE SERVICE,95.00,ORIGINAL,
0401633,288637967,BOL#06686574,70483009,14-Dec-25,06-Dec-25,"Columbus, OH","INDIANAPOLIS, IN.",4278,LINEHAUL,501.50,ORIGINAL,
0401633,288637967,BOL#06686574,70483009,14-Dec-25,06-Dec-25,"Columbus, OH","INDIANAPOLIS, IN.",4278,FUEL SURCHARGE,126.38,ORIGINAL,
0401622,422596532,BOL#65033942,79935143,13-Dec-25,18-Nov-25,"memphis,tn",NASHVILLE TN,561,LINEHAUL,110.00,ORIGINAL,
0401622,422596532,BOL#65033942,79935143,13-Dec-25,18-Nov-25,"memphis,tn",NASHVILLE TN,561,FUEL SURCHARGE,28.71,ORIGINAL,
0401634,496826763,BOL#3743-0556,93386592,15-Dec-25,16-Nov-25,Dallas  TX,"Phoenix, AZ",2415,LINEHAUL,884.86,ORIGINAL,
0401634,496826763,BOL#3743-0556,93386592,15-Dec-25,16-Nov-25,Dallas  TX,"Phoenix, AZ",2415,FUEL SURCHARGE,238.91,ORIGINAL,
0401629,582983557,BOL#77934095,95531888,14-Dec-25,06-Nov-25,Memphis TN,Houston  TX,311,LINEHAUL,119.52,ORIGINAL,
0401629,582983557,BOL#77934095,95531888,14-Dec-25,06-Nov-25,Memphis TN,Houston  TX,311,FUEL SURCHARGE,31.19,ORIGINAL,
0401615,438505057,BOL#79676570,95701738,12-Dec-25,29-Nov-25,"DALLAS, TX.",Kansas City  MO,563,LINEHAUL,175.49,ORIGINAL,
0401615,438505057,BOL#79676570,95701738,12-Dec-25,29-Nov-25,"DALLAS, TX.",Kansas City  MO,563,FUEL SURCHARGE,44.22,ORIGINAL,
0401635,928973590,BOL#99862707,13808638,15-Dec-25,27-Nov-25,Memphis  TN,"pittsburgh,pa",991,LINEHAUL,353.10,ORIGINAL,
0401635,928973590,BOL#99862707,13808638,15-Dec-25,27-Nov-25,Memphis  TN,"pittsburgh,pa",991,FUEL SURCHARGE,88.98,ORIGINAL,
0401617,352384365,BOL#16566299,33469078,13-Dec-25,07-Nov-25,"dallas,tx","SEATTLE, WA.",960,LINEHAUL,722.50,ORIGINAL,
0401617,352384365,BOL#16566299,33469078,13-Dec-25,07-Nov-25,"dallas,tx","SEATTLE, WA.",960,FUEL SURCHARGE,188.57,ORIGINAL,
0401618,418788750,BOL#89050438,34761096,13-Dec-25,09-Nov-25,"dallas,tx","Phoenix, AZ",1183,LINEHAUL,509.99,ORIGINAL,
0401618,418788750,BOL#89050438,34761096,13-Dec-25,09-Nov-25,"dallas,tx","Phoenix, AZ",1183,FUEL SURCHARGE,133.11,ORIGINAL,
0401620,652458227,BOL#23857253,42963658,13-Dec-25,14-Nov-25,COLUMBUS OH,"louisville,ky",4070,LINEHAUL,576.72,ORIGINAL,
0401620,652458227,BOL#23857253,42963658,13-Dec-25,14-Nov-25,COLUMBUS OH,"louisville,ky",4070,FUEL SURCHARGE,155.71,ORIGINAL,
0401626,486912768,BOL#75308215,71992660,13-Dec-25,01-Dec-25,Dallas  TX,Miami  FL,883,LINEHAUL,531.20,ORIGINAL,
0401626,486912768,BOL#75308215,71992660,13-Dec-25,01-Dec-25,Dallas  TX,Miami  FL,883,FUEL SURCHARGE,133.86,ORIGINAL,
0401623,027516905,BOL#38445911,84308982,13-Dec-25,24-Nov-25,"Atlanta, GA",Pittsburgh  PA,232,LINEHAUL,110.00,ORIGINAL,
0401623,027516905,BOL#38445911,84308982,13-Dec-25,24-Nov-25,"Atlanta, GA",Pittsburgh  PA,232,FUEL SURCHARGE,27.72,ORIGINAL,
0401623,027516905,BOL#38445911,84308982,13-Dec-25,24-Nov-25,"Atlanta, GA",Pittsburgh  PA,232,RESIDENTIAL DELIVERY,125.00,ORIGINAL,
0401649,148248031,BOL-24331172,00572129,18-Dec-25,20-Nov-25,Chicago  IL,"Detroit, MI",815,LINEHAUL,162.02,ORIGINAL,
0401649,148248031,BOL-24331172,00572129,18-Dec-25,20-Nov-25,Chicago  IL,"Detroit, MI",815,FUEL SURCHARGE,42.29,ORIGINAL,
0401627,654617351,BOL#36704542,34330133,14-Dec-25,27-Oct-25,"dallas,tx","MIAMI, FL.",1330,LINEHAUL,706.50,ORIGINAL,
0401627,654617351,BOL#36704542,34330133,14-Dec-25,27-Oct-25,"dallas,tx","MIAMI, FL.",1330,FUEL SURCHARGE,184.40,ORIGINAL,
0401639,319846873,BOL-27097389,40186031,16-Dec-25,16-Nov-25,"ATLANTA, GA.",Nashville  TN,848,LINEHAUL,158.32,ORIGINAL,
0401639,319846873,BOL-27097389,40186031,16-Dec-25,16-Nov-25,"ATLANTA, GA.",Nashville  TN,848,FUEL SURCHARGE,42.75,ORIGINAL,
0401630,095100417,BOL#22355247,48090597,14-Dec-25,09-Nov-25,DALLAS TX,Boston  MA,2437,LINEHAUL,1407.37,ORIGINAL,
0401630,095100417,BOL#22355247,48090597,14-Dec-25,09-Nov-25,DALLAS TX,Boston  MA,2437,FUEL SURCHARGE,367.32,ORIGINAL,
0401636,586126237,BOL#40100398,50298604,15-Dec-25,03-Dec-25,Chicago  IL,"orlando,fl",924,LINEHAUL,460.60,ORIGINAL,
0401636,586126237,BOL#40100398,50298604,15-Dec-25,03-Dec-25,Chicago  IL,"orlando,fl",924,FUEL SURCHARGE,116.07,ORIGINAL,
0401653,716764169,BOL#35979100,60622371,19-Dec-25,28-Nov-25,Atlanta  GA,INDIANAPOLIS IN,1249,LINEHAUL,302.01,ORIGINAL,
0401653,716764169,BOL#35979100,60622371,19-Dec-25,28-Nov-25,Atlanta  GA,INDIANAPOLIS IN,1249,FUEL SURCHARGE,76.11,ORIGINAL,
0401647,723709255,BOL#50611545,68106674,17-Dec-25,29-Nov-25,Dallas TX,"philadelphia,pa",820,LINEHAUL,591.55,ORIGINAL,
0401647,723709255,BOL#50611545,68106674,17-Dec-25,29-Nov-25,Dallas TX,"philadelphia,pa",820,FUEL SURCHARGE,149.07,ORIGINAL,
0401654,560382333,BOL#59972768,68968855,19-Dec-25,01-Dec-25,"atlanta,ga","HOUSTON, TX.",767,LINEHAUL,315.70,ORIGINAL,
0401654,560382333,BOL#59972768,68968855,19-Dec-25,01-Dec-25,"atlanta,ga","HOUSTON, TX.",767,FUEL SURCHARGE,79.56,ORIGINAL,
0401654,560382333,BOL#59972768,68968855,19-Dec-25,01-Dec-25,"atlanta,ga","HOUSTON, TX.",767,RESIDENTIAL DELIVERY,125.00,ORIGINAL,
0401648,537130996,BOL#55861641,42248408,18-Dec-25,29-Oct-25,Dallas TX,"LOUISVILLE, KY.",480,LINEHAUL,211.55,ORIGINAL,
0401648,537130996,BOL#55861641,42248408,18-Dec-25,29-Oct-25,Dallas TX,"LOUISVILLE, KY.",480,FUEL SURCHARGE,55.21,ORIGINAL,
0401656,130449680,BOL#08164362,75023254,20-Dec-25,27-Nov-25,"MEMPHIS, TN.",Nashville TN,1775,LINEHAUL,280.00,ORIGINAL,
0401656,130449680,BOL#08164362,75023254,20-Dec-25,27-Nov-25,"MEMPHIS, TN.",Nashville TN,1775,FUEL SURCHARGE,70.56,ORIGINAL,
0401656,130449680,BOL#08164362,75023254,20-Dec-25,27-Nov-25,"MEMPHIS, TN.",Nashville TN,1775,RESIDENTIAL DELIVERY,125.00,ORIGINAL,
0401659,002861397,BOL#41744422,13182523,21-Dec-25,12-Nov-25,"ATLANTA, GA.","Pittsburgh, PA",803,LINEHAUL,254.47,ORIGINAL,
0401659,002861397,BOL#41744422,13182523,21-Dec-25,12-Nov-25,"ATLANTA, GA.","Pittsburgh, PA",803,FUEL SURCHARGE,68.71,ORIGINAL,
0401643,988597898,BOL#83656153,29608399,16-Dec-25,30-Nov-25,Memphis TN,Houston TX,407,LINEHAUL,156.41,ORIGINAL,
0401643,988597898,BOL#83656153,29608399,16-Dec-25,30-Nov-25,Memphis TN,Houston TX,407,FUEL SURCHARGE,39.42,ORIGINAL,
0401650,908713224,BOL#32061732,38039673,18-Dec-25,26-Nov-25,Atlanta GA,Kansas City MO,1419,LINEHAUL,498.78,ORIGINAL,
0401650,908713224,BOL#32061732,38039673,18-Dec-25,26-Nov-25,Atlanta GA,Kansas City MO,1419,FUEL SURCHARGE,125.69,ORIGINAL,
0401641,603328957,BOL#47163490,83676873,16-Dec-25,20-Nov-25,"Memphis, TN",Orlando  FL,7500,LINEHAUL,1931.25,ORIGINAL,
0401641,603328957,BOL#47163490,83676873,16-Dec-25,20-Nov-25,"Memphis, TN",Orlando  FL,7500,FUEL SURCHARGE,504.06,ORIGINAL,
0401662,771617618,BOL#35942393,10922543,22-Dec-25,31-Oct-25,Columbus OH,"indianapolis,in",1258,LINEHAUL,175.24,ORIGINAL,
0401662,771617618,BOL#35942393,10922543,22-Dec-25,31-Oct-25,Columbus OH,"indianapolis,in",1258,FUEL SURCHARGE,45.74,ORIGINAL,
0401661,485901337,BOL#64301066,24234167,21-Dec-25,06-Dec-25,Columbus  OH,"pittsburgh,pa",6671,LINEHAUL,715.80,ORIGINAL,
0401661,485901337,BOL#64301066,24234167,21-Dec-25,06-Dec-25,Columbus  OH,"pittsburgh,pa",6671,FUEL SURCHARGE,180.38,ORIGINAL,
0401651,980201911,BOL#63512031,43310581,18-Dec-25,01-Dec-25,DALLAS TX,Kansas City  MO,1686,LINEHAUL,456.91,ORIGINAL,
0401651,980201911,BOL#63512031,43310581,18-Dec-25,01-Dec-25,DALLAS TX,Kansas City  MO,1686,FUEL SURCHARGE,115.09,ORIGINAL,
0401645,460481164,BOL#35163703,69612919,17-Dec-25,23-Nov-25,ATLANTA GA,"INDIANAPOLIS, IN.",1235,LINEHAUL,298.62,ORIGINAL,
0401645,460481164,BOL#35163703,69612919,17-Dec-25,23-Nov-25,ATLANTA GA,"INDIANAPOLIS, IN.",1235,FUEL SURCHARGE,77.94,ORIGINAL,
0401644,953613758,BOL#98142261,93451113,17-Dec-25,22-Nov-25,Chicago  IL,Indianapolis IN,1580,LINEHAUL,237.00,ORIGINAL,
0401644,953613758,BOL#98142261,93451113,17-Dec-25,22-Nov-25,Chicago  IL,Indianapolis IN,1580,FUEL SURCHARGE,61.86,ORIGINAL,
0401644,953613758,BOL#98142261,93451113,17-Dec-25,22-Nov-25,Chicago  IL,Indianapolis IN,1580,LIFTGATE SERVICE,95.00,ORIGINAL,
0401644,953613758,BOL#98142261,93451113,17-Dec-25,22-Nov-25,Chicago  IL,Indianapolis IN,1580,RESIDENTIAL DELIVERY,125.00,ORIGINAL,
0401646,372572725,BOL-38475211,94547742,17-Dec-25,24-Nov-25,Memphis TN,Orlando  FL,3787,LINEHAUL,1151.25,ORIGINAL,
0401646,372572725,BOL-38475211,94547742,17-Dec-25,24-Nov-25,Memphis TN,Orlando  FL,3787,FUEL SURCHARGE,290.12,ORIGINAL,
0401646,372572725,BOL-38475211,94547742,17-Dec-25,24-Nov-25,Memphis TN,Orlando  FL,3787,RESIDENTIAL DELIVERY,125.00,ORIGINAL,
0401674,411576559,BOL#35037403,06448532,23-Dec-25,09-Nov-25,"chicago,il","orlando,fl",298,LINEHAUL,185.30,ORIGINAL,
0401674,411576559,BOL#35037403,06448532,23-Dec-25,09-Nov-25,"chicago,il","orlando,fl",298,FUEL SURCHARGE,48.36,ORIGINAL,
0401674,411576559,BOL#35037403,06448532,23-Dec-25,09-Nov-25,"chicago,il","orlando,fl",298,LIFTGATE SERVICE,95.00,ORIGINAL,
0401655,950593662,BOL#27112863,56105147,20-Dec-25,01-Nov-25,Dallas TX,"KANSAS CITY, MO.",1289,LINEHAUL,349.32,ORIGINAL,
0401655,950593662,BOL#27112863,56105147,20-Dec-25,01-Nov-25,Dallas TX,"KANSAS CITY, MO.",1289,FUEL SURCHARGE,91.17,ORIGINAL,
0401652,726510783,BOL#50471039,79275243,18-Dec-25,05-Dec-25,"Memphis, TN",Orlando  FL,793,LINEHAUL,327.09,ORIGINAL,
0401652,726510783,BOL#50471039,79275243,18-Dec-25,05-Dec-25,"Memphis, TN",Orlando  FL,793,FUEL SURCHARGE,82.17,ORIGINAL,
0401669,179677039,BOL#70269140,82138021,22-Dec-25,29-Nov-25,Dallas TX,Seattle  WA,4005,LINEHAUL,2459.47,ORIGINAL,
0401669,179677039,BOL#70269140,82138021,22-Dec-25,29-Nov-25,Dallas TX,Seattle  WA,4005,FUEL SURCHARGE,619.79,ORIGINAL,
0401677,852859798,BOL#40806300,20804276,23-Dec-25,06-Dec-25,"columbus,oh","indianapolis,in",2175,LINEHAUL,257.52,ORIGINAL,
0401677,852859798,BOL#40806300,20804276,23-Dec-25,06-Dec-25,"columbus,oh","indianapolis,in",2175,FUEL SURCHARGE,64.90,ORIGINAL,
0401668,910087045,BOL#52814477,46091664,22-Dec-25,28-Nov-25,Chicago IL,Indianapolis IN,580,LINEHAUL,110.00,ORIGINAL,
0401668,910087045,BOL#52814477,46091664,22-Dec-25,28-Nov-25,Chicago IL,Indianapolis IN,580,FUEL SURCHARGE,27.72,ORIGINAL,
0401665,149990263,BOL#03837695,75749304,22-Dec-25,19-Nov-25,"Columbus, OH","LOUISVILLE, KY.",1382,LINEHAUL,259.01,ORIGINAL,
0401665,149990263,BOL#03837695,75749304,22-Dec-25,19-Nov-25,"Columbus, OH","LOUISVILLE, KY.",1382,FUEL SURCHARGE,67.60,ORIGINAL,
0401681,922715459,BOL#28312469,87019253,24-Dec-25,29-Nov-25,Chicago IL,"ORLANDO, FL.",2211,LINEHAUL,865.61,ORIGINAL,
0401681,922715459,BOL#28312469,87019253,24-Dec-25,29-Nov-25,Chicago IL,"ORLANDO, FL.",2211,FUEL SURCHARGE,218.13,ORIGINAL,
0401664,071460426,BOL#15778204,47418043,22-Dec-25,11-Nov-25,"Dallas, TX",Boston MA,1243,LINEHAUL,844.49,ORIGINAL,
0401664,071460426,BOL#15778204,47418043,22-Dec-25,11-Nov-25,"Dallas, TX",Boston MA,1243,FUEL SURCHARGE,228.01,ORIGINAL,
0401664,071460426,BOL#15778204,47418043,22-Dec-25,11-Nov-25,"Dallas, TX",Boston MA,1243,RESIDENTIAL DELIVERY,125.00,ORIGINAL,
0401671,817262438,BOL#99894522,52139175,22-Dec-25,10-Dec-25,"ATLANTA, GA.",NASHVILLE TN,1166,LINEHAUL,189.36,ORIGINAL,
0401671,817262438,BOL#99894522,52139175,22-Dec-25,10-Dec-25,"ATLANTA, GA.",NASHVILLE TN,1166,FUEL SURCHARGE,46.01,ORIGINAL,
0401658,343817711,BOL#16278691,56208169,21-Dec-25,29-Oct-25,"COLUMBUS, OH.","LOS ANGELES, CA.",1641,LINEHAUL,1443.58,ORIGINAL,
0401658,343817711,BOL#16278691,56208169,21-Dec-25,29-Oct-25,"COLUMBUS, OH.","LOS ANGELES, CA.",1641,FUEL SURCHARGE,376.49,ORIGINAL,
0401667,482846455,BOL#42257890,58793839,22-Dec-25,27-Nov-25,"Columbus, OH","INDIANAPOLIS, IN.",2711,LINEHAUL,320.98,ORIGINAL,
0401667,482846455,BOL#42257890,58793839,22-Dec-25,27-Nov-25,"Columbus, OH","INDIANAPOLIS, IN.",2711,FUEL SURCHARGE,80.89,ORIGINAL,
0401672,033346415,BOL#89844521,73433665,22-Dec-25,11-Dec-25,"dallas,tx",Boston MA,6654,LINEHAUL,3254.47,ORIGINAL,
0401672,033346415,BOL#89844521,73433665,22-Dec-25,11-Dec-25,"dallas,tx",Boston MA,6654,FUEL SURCHARGE,790.84,ORIGINAL,
0401682,171861104,BOL#68699914,00025806,24-Dec-25,01-Dec-25,"Dallas, TX",Seattle WA,990,LINEHAUL,722.50,ORIGINAL,
0401682,171861104,BOL#68699914,00025806,24-Dec-25,01-Dec-25,"Dallas, TX",Seattle WA,990,FUEL SURCHARGE,182.07,ORIGINAL,
0401682,171861104,BOL#68699914,00025806,24-Dec-25,01-Dec-25,"Dallas, TX",Seattle WA,990,RESIDENTIAL DELIVERY,125.00,ORIGINAL,
0401687,402052292,BOL#45443529,02693106,25-Dec-25,01-Dec-25,"DALLAS, TX.","Seattle, WA",1814,LINEHAUL,1228.20,ORIGINAL,
0401687,402052292,BOL#45443529,02693106,25-Dec-25,01-Dec-25,"DALLAS, TX.","Seattle, WA",1814,FUEL SURCHARGE,309.51,ORIGINAL,
0401687,402052292,BOL#45443529,02693106,25-Dec-25,01-Dec-25,"DALLAS, TX.","Seattle, WA",1814,LIFTGATE SERVICE,95.00,ORIGINAL,
0401657,995391783,BOL#27420007,08581241,21-Dec-25,13-Oct-25,Chicago IL,INDIANAPOLIS IN,438,LINEHAUL,110.00,ORIGINAL,
0401657,995391783,BOL#27420007,08581241,21-Dec-25,13-Oct-25,Chicago IL,INDIANAPOLIS IN,438,FUEL SURCHARGE,29.70,ORIGINAL,
0401657,995391783,BOL#27420007,08581241,21-Dec-25,13-Oct-25,Chicago IL,INDIANAPOLIS IN,438,LIFTGATE SERVICE,95.00,ORIGINAL,
0401666,729453065,BOL#26585855,10827244,22-Dec-25,24-Nov-25,"Memphis, TN",Orlando  FL,1381,LINEHAUL,493.85,ORIGINAL,
0401666,729453065,BOL#26585855,10827244,22-Dec-25,24-Nov-25,"Memphis, TN",Orlando  FL,1381,FUEL SURCHARGE,124.45,ORIGINAL,
0401675,200101731,BOL#26360072,37120516,23-Dec-25,13-Nov-25,Chicago IL,Indianapolis  IN,1205,LINEHAUL,180.75,ORIGINAL,
0401675,200101731,BOL#26360072,37120516,23-Dec-25,13-Nov-25,Chicago IL,Indianapolis  IN,1205,FUEL SURCHARGE,48.80,ORIGINAL,
0401675,200101731,BOL#26360072,37120516,23-Dec-25,13-Nov-25,Chicago IL,Indianapolis  IN,1205,LIFTGATE SERVICE,95.00,ORIGINAL,
0401663,416400591,BOL#16358121,46898492,22-Dec-25,02-Nov-25,"Chicago, IL",Detroit  MI,2932,LINEHAUL,431.00,ORIGINAL,
0401663,416400591,BOL#16358121,46898492,22-Dec-25,02-Nov-25,"Chicago, IL",Detroit  MI,2932,FUEL SURCHARGE,112.49,ORIGINAL,
0401663,416400591,BOL#16358121,46898492,22-Dec-25,02-Nov-25,"Chicago, IL",Detroit  MI,2932,LIFTGATE SERVICE,95.00,ORIGINAL,
0401686,251542060,BOL#37937997,70210380,24-Dec-25,12-Dec-25,DALLAS TX,"LOUISVILLE, KY.",561,LINEHAUL,237.36,ORIGINAL,
0401686,251542060,BOL#37937997,70210380,24-Dec-25,12-Dec-25,DALLAS TX,"LOUISVILLE, KY.",561,FUEL SURCHARGE,57.68,ORIGINAL,
0401660,207261256,BOL#37146712,94439660,21-Dec-25,02-Dec-25,CHICAGO IL,"orlando,fl",345,LINEHAUL,214.52,ORIGINAL,
0401660,207261256,BOL#37146712,94439660,21-Dec-25,02-Dec-25,CHICAGO IL,"orlando,fl",345,FUEL SURCHARGE,54.06,ORIGINAL,
0401670,554458103,BOL#23203493,01109090,22-Dec-25,03-Dec-25,"DALLAS, TX.",Boston MA,1676,LINEHAUL,1146.66,ORIGINAL,
0401670,554458103,BOL#23203493,01109090,22-Dec-25,03-Dec-25,"DALLAS, TX.",Boston MA,1676,FUEL SURCHARGE,288.96,ORIGINAL,
0401676,647092241,BOL#48837407,37542632,23-Dec-25,19-Nov-25,"Atlanta, GA","indianapolis,in",931,LINEHAUL,241.80,ORIGINAL,
0401676,647092241,BOL#48837407,37542632,23-Dec-25,19-Nov-25,"Atlanta, GA","indianapolis,in",931,FUEL SURCHARGE,63.11,ORIGINAL,
0401676,647092241,BOL#48837407,37542632,23-Dec-25,19-Nov-25,"Atlanta, GA","indianapolis,in",931,LIFTGATE SERVICE,95.00,ORIGINAL,
0401689,640716057,BOL#87571134,18510836,25-Dec-25,05-Dec-25,"chicago,il","detroit,mi",1316,LINEHAUL,227.40,ORIGINAL,
0401689,640716057,BOL#87571134,18510836,25-Dec-25,05-Dec-25,"chicago,il","detroit,mi",1316,FUEL SURCHARGE,57.30,ORIGINAL,
0401680,706071101,BOL#5842 0506,28028598,24-Dec-25,29-Nov-25,Memphis TN,Houston TX,3092,LINEHAUL,747.29,ORIGINAL,
0401680,706071101,BOL#5842 0506,28028598,24-Dec-25,29-Nov-25,Memphis TN,Houston TX,3092,FUEL SURCHARGE,188.71,ORIGINAL,
0401685,354900186,BOL#03698744,39936154,24-Dec-25,07-Dec-25,Memphis TN,"ORLANDO, FL.",2177,LINEHAUL,661.81,ORIGINAL,
0401685,354900186,BOL#03698744,39936154,24-Dec-25,07-Dec-25,Memphis TN,"ORLANDO, FL.",2177,FUEL SURCHARGE,166.78,ORIGINAL,
0401703,954203101,BOL#65857629,42592205,28-Dec-25,05-Dec-25,"DALLAS, TX.",Detroit  MI,633,LINEHAUL,343.97,ORIGINAL,
0401703,954203101,BOL#65857629,42592205,28-Dec-25,05-Dec-25,"DALLAS, TX.",Detroit  MI,633,FUEL SURCHARGE,86.68,ORIGINAL,
0401683,364225183,BOL#55597287,47636477,24-Dec-25,04-Dec-25,"chicago,il","DETROIT, MI.",349,LINEHAUL,110.00,ORIGINAL,
0401683,364225183,BOL#55597287,47636477,24-Dec-25,04-Dec-25,"chicago,il","DETROIT, MI.",349,FUEL SURCHARGE,28.71,ORIGINAL,
0401705,478280350,BOL#00706144,61971210,28-Dec-25,20-Dec-25,"dallas,tx",Louisville KY,7500,LINEHAUL,1986.75,ORIGINAL,
0401705,478280350,BOL#00706144,61971210,28-Dec-25,20-Dec-25,"dallas,tx",Louisville KY,7500,FUEL SURCHARGE,482.78,ORIGINAL,
0401695,817122740,BOL#18157481,77853814,26-Dec-25,05-Dec-25,"Atlanta, GA",Kansas City  MO,235,LINEHAUL,111.53,ORIGINAL,
0401695,817122740,BOL#18157481,77853814,26-Dec-25,05-Dec-25,"Atlanta, GA",Kansas City  MO,235,FUEL SURCHARGE,28.11,ORIGINAL,
0401673,507549024,BOL#21750174,81746218,23-Dec-25,27-Oct-25,Atlanta GA,BOSTON MA,783,LINEHAUL,415.77,ORIGINAL,
0401673,507549024,BOL#21750174,81746218,23-Dec-25,27-Oct-25,Atlanta GA,BOSTON MA,783,FUEL SURCHARGE,108.52,ORIGINAL,
0401678,043814841,BOL#14961673,98953399,23-Dec-25,09-Dec-25,"chicago,il",Orlando FL,390,LINEHAUL,242.50,ORIGINAL,
0401678,043814841,BOL#14961673,98953399,23-Dec-25,09-Dec-25,"chicago,il",Orlando FL,390,FUEL SURCHARGE,58.93,ORIGINAL,
0401699,119251300,BOL#64072111,03035629,27-Dec-25,06-Dec-25,"Dallas, TX","Philadelphia, PA",1926,LINEHAUL,1066.40,ORIGINAL,
0401699,119251300,BOL#64072111,03035629,27-Dec-25,06-Dec-25,"Dallas, TX","Philadelphia, PA",1926,FUEL SURCHARGE,268.73,ORIGINAL,
0401690,961690789,BOL#81114852,04852953,25-Dec-25,10-Dec-25,"dallas,tx","LOUISVILLE, KY.",825,LINEHAUL,349.06,ORIGINAL,
0401690,961690789,BOL#81114852,04852953,25-Dec-25,10-Dec-25,"dallas,tx","LOUISVILLE, KY.",825,FUEL SURCHARGE,84.82,ORIGINAL,
0401693,368411739,BOL#33391386,27447911,25-Dec-25,13-Dec-25,Atlanta  GA,PITTSBURGH PA,1881,LINEHAUL,466.93,ORIGINAL,
0401693,368411739,BOL#33391386,27447911,25-Dec-25,13-Dec-25,Atlanta  GA,PITTSBURGH PA,1881,FUEL SURCHARGE,113.58,ORIGINAL,
0401691,202643226,BOL#22242787,51981483,25-Dec-25,11-Dec-25,"Atlanta, GA",Houston  TX,411,LINEHAUL,198.60,ORIGINAL,
0401691,202643226,BOL#22242787,51981483,25-Dec-25,11-Dec-25,"Atlanta, GA",Houston  TX,411,FUEL SURCHARGE,48.26,ORIGINAL,
0401679,952441789,BOL#91243021,74726944,24-Dec-25,28-Oct-25,CHICAGO IL,"ORLANDO, FL.",316,LINEHAUL,196.49,ORIGINAL,
0401679,952441789,BOL#91243021,74726944,24-Dec-25,28-Oct-25,CHICAGO IL,"ORLANDO, FL.",316,FUEL SURCHARGE,51.28,ORIGINAL,
0401700,924879161,BOL#58910080,78806676,27-Dec-25,11-Dec-25,Dallas  TX,"Miami, FL",343,LINEHAUL,246.00,ORIGINAL,
0401700,924879161,BOL#58910080,78806676,27-Dec-25,11-Dec-25,Dallas  TX,"Miami, FL",343,FUEL SURCHARGE,59.78,ORIGINAL,
0401711,757103012,BOL#21982374,85742983,29-Dec-25,17-Dec-25,"columbus,oh",LOS ANGELES CA,834,LINEHAUL,842.26,ORIGINAL,
0401711,757103012,BOL#21982374,85742983,29-Dec-25,17-Dec-25,"columbus,oh",LOS ANGELES CA,834,FUEL SURCHARGE,203.92,ORIGINAL,
0401684,311510209,BOL#3214-5913,87494732,24-Dec-25,06-Dec-25,"CHICAGO, IL.",Orlando  FL,816,LINEHAUL,432.24,ORIGINAL,
0401684,311510209,BOL#3214-5913,87494732,24-Dec-25,06-Dec-25,"CHICAGO, IL.",Orlando  FL,816,FUEL SURCHARGE,108.92,ORIGINAL,
0401692,328770887,BOL#04624480,08664758,25-Dec-25,11-Dec-25,"atlanta,ga",KANSAS CITY MO,2305,LINEHAUL,716.16,ORIGINAL,
0401692,328770887,BOL#04624480,08664758,25-Dec-25,11-Dec-25,"atlanta,ga",KANSAS CITY MO,2305,FUEL SURCHARGE,174.03,ORIGINAL,
0401688,346207299,BOL#64272056,31567742,25-Dec-25,04-Dec-25,Atlanta  GA,INDIANAPOLIS IN,714,LINEHAUL,198.56,ORIGINAL,
0401688,346207299,BOL#64272056,31567742,25-Dec-25,04-Dec-25,Atlanta  GA,INDIANAPOLIS IN,714,FUEL SURCHARGE,50.04,ORIGINAL,
0401709,379203318,BOL#03762936,96975095,29-Dec-25,13-Dec-25,COLUMBUS OH,"PITTSBURGH, PA.",1960,LINEHAUL,253.40,ORIGINAL,
0401709,379203318,BOL#03762936,96975095,29-Dec-25,13-Dec-25,COLUMBUS OH,"PITTSBURGH, PA.",1960,FUEL SURCHARGE,61.58,ORIGINAL,
0401694,168039020,BOL#28440109,15797722,26-Dec-25,24-Nov-25,"Memphis, TN",Nashville TN,648,LINEHAUL,122.73,ORIGINAL,
0401694,168039020,BOL#28440109,15797722,26-Dec-25,24-Nov-25,"Memphis, TN",Nashville TN,648,FUEL SURCHARGE,30.93,ORIGINAL,
0401719,130940568,BOL#2924-5566,29296973,31-Dec-25,20-Dec-25,"Dallas, TX","pittsburgh,pa",750,LINEHAUL,429.40,ORIGINAL,
0401719,130940568,BOL#2924-5566,29296973,31-Dec-25,20-Dec-25,"Dallas, TX","pittsburgh,pa",750,FUEL SURCHARGE,104.39,ORIGINAL,
0401696,313165687,BOL#28447805,29927541,26-Dec-25,10-Dec-25,Memphis  TN,Pittsburgh  PA,1837,LINEHAUL,600.40,ORIGINAL,
0401696,313165687,BOL#28447805,29927541,26-Dec-25,10-Dec-25,Memphis  TN,Pittsburgh  PA,1837,FUEL SURCHARGE,145.90,ORIGINAL,
0401701,365276526,BOL#62360594,30323651,27-Dec-25,13-Dec-25,Columbus OH,"INDIANAPOLIS, IN.",739,LINEHAUL,118.39,ORIGINAL,
0401701,365276526,BOL#62360594,30323651,27-Dec-25,13-Dec-25,Columbus OH,"INDIANAPOLIS, IN.",739,FUEL SURCHARGE,28.77,ORIGINAL,
0401698,389902693,BOL#36195418,80513309,27-Dec-25,03-Dec-25,"Memphis, TN","pittsburgh,pa",465,LINEHAUL,203.05,ORIGINAL,
0401698,389902693,BOL#36195418,80513309,27-Dec-25,03-Dec-25,"Memphis, TN","pittsburgh,pa",465,FUEL SURCHARGE,51.17,ORIGINAL,
