month_end,shipments_accrued,actual_payable_estimate,accrual_estimate_as_built,accrual_estimate_auth_at_delivery,error_estimate_as_built,error_estimate_auth_at_delivery,error_pct_estimate_as_built,error_pct_estimate_auth_at_delivery,accessorial_accrual_estimate_as_built,accessorial_accrual_estimate_auth_at_delivery,accessorial_error_estimate_as_built,accessorial_error_estimate_auth_at_delivery,accessorial_error_pct_estimate_as_built,accessorial_error_pct_estimate_auth_at_delivery,late_auth_effect_estimate
2025-01-31,349,397569.44,395331.09,396237.75,-2238.35,-1331.69,-0.0056,-0.0033,5519.27,6425.93,-1480.73,-574.07,-0.2115,-0.082,906.66
2025-02-28,445,533035.15,530591.68,531668.65,-2443.47,-1366.5,-0.0046,-0.0026,7008.45,8085.42,-1656.55,-579.58,-0.1912,-0.0669,1076.97
2025-03-31,458,507966.51,507667.04,508001.4,-299.47,34.89,-0.0006,0.0001,8311.38,8645.74,-23.62,310.74,-0.0028,0.0373,334.36
2025-04-30,472,566800.95,567137.09,567545.94,336.14,744.99,0.0006,0.0013,8844.59,9253.44,844.59,1253.44,0.1056,0.1567,408.85
2025-05-31,487,545801.74,545846.16,546438.57,44.42,636.83,0.0001,0.0012,8961.7,9554.11,491.7,1084.11,0.0581,0.128,592.41
2025-06-30,518,601414.39,598253.19,598635.23,-3161.2,-2779.16,-0.0053,-0.0046,9127.79,9509.83,-2132.21,-1750.17,-0.1894,-0.1554,382.04
2025-07-31,457,492078.54,490358.43,490922.02,-1720.11,-1156.52,-0.0035,-0.0024,7478.0,8041.59,-1012.0,-448.41,-0.1192,-0.0528,563.59
2025-08-31,490,589179.14,587266.71,587818.02,-1912.43,-1361.12,-0.0032,-0.0023,8595.88,9147.19,-1469.12,-917.81,-0.146,-0.0912,551.31
2025-09-30,531,661757.58,656950.91,657649.3,-4806.67,-4108.28,-0.0073,-0.0062,9731.14,10429.53,-4213.86,-3515.47,-0.3022,-0.2521,698.39
2025-10-31,519,629296.26,627258.91,628049.23,-2037.35,-1247.03,-0.0032,-0.002,10235.83,11026.15,-1504.17,-713.85,-0.1281,-0.0608,790.32
2025-11-30,547,657496.66,658163.76,658511.43,667.1,1014.77,0.001,0.0015,10970.8,11318.47,710.8,1058.47,0.0693,0.1032,347.67
2025-12-31,520,601946.73,603027.57,603469.66,1080.84,1522.93,0.0018,0.0025,10226.28,10668.37,1456.28,1898.37,0.1661,0.2165,442.09
ALL,5793,6784343.09,6767852.54,6774947.2,-16490.55,-9395.89,-0.0024,-0.0014,105011.11,112105.77,-9988.89,-2894.23,-0.0869,-0.0252,7094.66
