month_end,shipments_accrued,never_billed_shipments,accrual_estimate,actual_billed,actual_payable_estimate,error_estimate,error_pct_estimate,lh_fsc_accrual_estimate,lh_fsc_payable_estimate,lh_fsc_error_estimate,lh_fsc_error_pct_estimate,accessorial_accrual_estimate,accessorial_payable_estimate,accessorial_error_estimate,accessorial_error_pct_estimate,shipment_mape_pct_estimate,shipment_median_ape_pct_estimate,shipment_share_over_band_pct_estimate
2025-01-31,349,0,395331.09,402377.55,397569.44,-2238.35,-0.0056,389811.82,390569.44,-757.62,-0.0019,5519.27,7000.0,-1480.73,-0.2115,0.0563,0.0265,0.1605
2025-02-28,445,0,530591.68,537973.55,533035.15,-2443.47,-0.0046,523583.23,524370.15,-786.92,-0.0015,7008.45,8665.0,-1656.55,-0.1912,0.0523,0.0263,0.1483
2025-03-31,458,0,507667.04,516157.41,507966.51,-299.47,-0.0006,499355.66,499631.51,-275.85,-0.0006,8311.38,8335.0,-23.62,-0.0028,0.0534,0.0298,0.1616
2025-04-30,472,0,567137.09,576651.93,566800.95,336.14,0.0006,558292.5,558800.95,-508.45,-0.0009,8844.59,8000.0,844.59,0.1056,0.0557,0.0324,0.178
2025-05-31,487,0,545846.16,556619.0,545801.74,44.42,0.0001,536884.46,537331.74,-447.28,-0.0008,8961.7,8470.0,491.7,0.0581,0.0556,0.0318,0.1684
2025-06-30,518,0,598253.19,613298.2,601414.39,-3161.2,-0.0053,589125.4,590154.39,-1028.99,-0.0017,9127.79,11260.0,-2132.21,-0.1894,0.059,0.0321,0.1853
2025-07-31,457,0,490358.43,502665.49,492078.54,-1720.11,-0.0035,482880.43,483588.54,-708.11,-0.0015,7478.0,8490.0,-1012.0,-0.1192,0.0544,0.031,0.151
2025-08-31,490,0,587266.71,599869.88,589179.14,-1912.43,-0.0032,578670.83,579114.14,-443.31,-0.0008,8595.88,10065.0,-1469.12,-0.146,0.0515,0.0283,0.1551
2025-09-30,531,1,656950.91,669158.87,661757.58,-4806.67,-0.0073,647219.77,647812.58,-592.81,-0.0009,9731.14,13945.0,-4213.86,-0.3022,0.0594,0.03,0.1811
2025-10-31,519,1,627258.91,649615.78,629296.26,-2037.35,-0.0032,617023.08,617556.26,-533.18,-0.0009,10235.83,11740.0,-1504.17,-0.1281,0.0583,0.0361,0.1969
2025-11-30,547,1,658163.76,677040.41,657496.66,667.1,0.001,647192.96,647236.66,-43.7,-0.0001,10970.8,10260.0,710.8,0.0693,0.0584,0.0349,0.1923
2025-12-31,520,1,603027.57,608212.0,601946.73,1080.84,0.0018,592801.29,593176.73,-375.44,-0.0006,10226.28,8770.0,1456.28,0.1661,0.0563,0.033,0.185
ALL,5793,4,6767852.54,6909640.07,6784343.09,-16490.55,-0.0024,6662841.43,6669343.09,-6501.66,-0.001,105011.11,115000.0,-9988.89,-0.0869,0.056,0.0313,0.1731
