tolerance,value,error_type,carrier_mode,is_current,flags,tp,fp,fn,precision,recall,tp_dollars,review_cost_estimate,false_dispute_cost_estimate,net_value_estimate,meets_precision_floor,is_recommended
rate_pct,0.0,rate_overcharge,ALL,False,370,281,89,21,0.7595,0.9305,26075.63,1665.0,2225.0,22185.63,False,False
rate_pct,0.0025,rate_overcharge,ALL,False,335,278,57,24,0.8299,0.9205,26049.03,1507.5,1425.0,23116.53,False,False
rate_pct,0.005,rate_overcharge,ALL,False,269,269,0,33,1.0,0.8907,26002.3,1210.5,0.0,24791.8,True,True
rate_pct,0.01,rate_overcharge,ALL,True,254,254,0,48,1.0,0.8411,25791.77,1143.0,0.0,24648.77,True,False
rate_pct,0.02,rate_overcharge,ALL,False,254,254,0,48,1.0,0.8411,25791.77,1143.0,0.0,24648.77,True,False
rate_pct,0.03,rate_overcharge,ALL,False,253,253,0,49,1.0,0.8377,25779.52,1138.5,0.0,24641.02,True,False
rate_pct,0.05,rate_overcharge,ALL,False,208,208,0,94,1.0,0.6887,24006.64,936.0,0.0,23070.64,True,False
fsc_ltl_pp,0.0,fsc_mismatch,LTL,False,163,135,28,25,0.8282,0.8438,1342.0,733.5,700.0,-91.5,False,False
fsc_ltl_pp,0.1,fsc_mismatch,LTL,False,139,132,7,28,0.9496,0.825,1338.1,625.5,175.0,537.6,True,False
fsc_ltl_pp,0.25,fsc_mismatch,LTL,True,123,123,0,37,1.0,0.7688,1317.15,553.5,0.0,763.65,True,False
fsc_ltl_pp,0.5,fsc_mismatch,LTL,False,122,122,0,38,1.0,0.7625,1316.11,549.0,0.0,767.11,True,True
fsc_ltl_pp,1.0,fsc_mismatch,LTL,False,70,70,0,90,1.0,0.4375,943.37,315.0,0.0,628.37,True,False
fsc_ltl_pp,2.0,fsc_mismatch,LTL,False,33,33,0,127,1.0,0.2062,604.05,148.5,0.0,455.55,True,False
fsc_tl_pct,0.0,fsc_mismatch,TL,False,228,216,12,13,0.9474,0.9432,9641.87,1026.0,300.0,8315.87,True,False
fsc_tl_pct,0.0025,fsc_mismatch,TL,False,226,216,10,13,0.9558,0.9432,9641.87,1017.0,250.0,8374.87,True,False
fsc_tl_pct,0.005,fsc_mismatch,TL,True,216,216,0,13,1.0,0.9432,9641.87,972.0,0.0,8669.87,True,True
fsc_tl_pct,0.01,fsc_mismatch,TL,False,213,213,0,16,1.0,0.9301,9627.88,958.5,0.0,8669.38,True,False
fsc_tl_pct,0.02,fsc_mismatch,TL,False,210,210,0,19,1.0,0.917,9598.7,945.0,0.0,8653.7,True,False
fsc_tl_pct,0.05,fsc_mismatch,TL,False,204,204,0,25,1.0,0.8908,9512.28,918.0,0.0,8594.28,True,False
weight_pct,0.0,weight_overbilling,ALL,False,192,192,0,0,1.0,1.0,19921.63,864.0,0.0,19057.63,True,True
weight_pct,0.005,weight_overbilling,ALL,False,190,190,0,2,1.0,0.9896,19900.89,855.0,0.0,19045.89,True,False
weight_pct,0.01,weight_overbilling,ALL,False,181,181,0,11,1.0,0.9427,19827.53,814.5,0.0,19013.03,True,False
weight_pct,0.02,weight_overbilling,ALL,True,161,161,0,31,1.0,0.8385,19599.78,724.5,0.0,18875.28,True,False
weight_pct,0.03,weight_overbilling,ALL,False,161,161,0,31,1.0,0.8385,19599.78,724.5,0.0,18875.28,True,False
weight_pct,0.05,weight_overbilling,ALL,False,160,160,0,32,1.0,0.8333,19553.79,720.0,0.0,18833.79,True,False
