auth_id,shipment_id,code,authorized_amount,authorized_at
AUTH00001,SHP00007,RESIDENTIAL,125.0,2025-01-03
AUTH00002,SHP00016,LIFTGATE,95.0,2025-01-04
AUTH00003,SHP00017,LIFTGATE,95.0,2025-01-01
AUTH00004,SHP00022,LIFTGATE,95.0,2025-01-07
AUTH00005,SHP00025,LIFTGATE,95.0,2025-01-02
AUTH00006,SHP00031,DETENTION,225.0,2025-01-02
AUTH00007,SHP00042,RESIDENTIAL,125.0,2025-01-06
AUTH00008,SHP00045,LIFTGATE,95.0,2025-01-03
AUTH00009,SHP00048,RESIDENTIAL,125.0,2025-01-03
AUTH00010,SHP00057,LIFTGATE,95.0,2025-01-05
AUTH00011,SHP00064,LIFTGATE,95.0,2025-01-05
AUTH00012,SHP00076,LIFTGATE,95.0,2025-01-07
AUTH00013,SHP00077,DETENTION,75.0,2025-01-04
AUTH00014,SHP00090,RESIDENTIAL,125.0,2025-01-04
AUTH00015,SHP00092,DETENTION,225.0,2025-01-04
AUTH00016,SHP00098,LIFTGATE,95.0,2025-01-06
AUTH00017,SHP00103,RESIDENTIAL,125.0,2025-01-07
AUTH00018,SHP00105,LIFTGATE,95.0,2025-01-05
AUTH00019,SHP00110,DETENTION,225.0,2025-01-08
AUTH00020,SHP00111,LIFTGATE,95.0,2025-01-08
AUTH00021,SHP00114,LIFTGATE,95.0,2025-01-05
AUTH00022,SHP00124,LIFTGATE,95.0,2025-01-07
AUTH00023,SHP00128,LIFTGATE,95.0,2025-01-06
AUTH00024,SHP00129,LIFTGATE,95.0,2025-01-09
AUTH00025,SHP00131,LIFTGATE,95.0,2025-01-07
AUTH00026,SHP00142,RESIDENTIAL,125.0,2025-01-10
AUTH00027,SHP00143,LIFTGATE,95.0,2025-01-10
AUTH00028,SHP00145,LIFTGATE,95.0,2025-01-10
AUTH00029,SHP00149,RESIDENTIAL,125.0,2025-01-07
AUTH00030,SHP00152,RESIDENTIAL,125.0,2025-01-09
AUTH00031,SHP00158,RESIDENTIAL,125.0,2025-01-08
AUTH00032,SHP00164,LIFTGATE,95.0,2025-01-12
AUTH00033,SHP00166,LIFTGATE,95.0,2025-01-10
AUTH00034,SHP00169,RESIDENTIAL,125.0,2025-01-08
AUTH00035,SHP00174,LIFTGATE,95.0,2025-01-09
AUTH00036,SHP00177,DETENTION,225.0,2025-01-09
AUTH00037,SHP00186,RESIDENTIAL,125.0,2025-01-10
AUTH00038,SHP00190,RESIDENTIAL,125.0,2025-01-10
AUTH00039,SHP00199,LIFTGATE,95.0,2025-01-10
AUTH00040,SHP00203,LIFTGATE,95.0,2025-01-14
AUTH00041,SHP00221,RESIDENTIAL,125.0,2025-01-12
AUTH00042,SHP00229,RESIDENTIAL,125.0,2025-01-10
AUTH00043,SHP00238,RESIDENTIAL,125.0,2025-01-11
AUTH00044,SHP00246,DETENTION,300.0,2025-01-11
AUTH00045,SHP00255,LIFTGATE,95.0,2025-01-15
AUTH00046,SHP00256,LIFTGATE,95.0,2025-01-12
AUTH00047,SHP00264,RESIDENTIAL,125.0,2025-01-13
AUTH00048,SHP00273,RESIDENTIAL,125.0,2025-01-15
AUTH00049,SHP00280,LIFTGATE,95.0,2025-01-14
AUTH00050,SHP00283,DETENTION,300.0,2025-01-15
AUTH00051,SHP00284,LIFTGATE,95.0,2025-01-13
AUTH00052,SHP00285,LIFTGATE,95.0,2025-01-15
AUTH00053,SHP00295,RESIDENTIAL,125.0,2025-01-13
AUTH00054,SHP00314,DETENTION,75.0,2025-01-15
AUTH00055,SHP00320,LIFTGATE,95.0,2025-01-15
AUTH00056,SHP00334,LIFTGATE,95.0,2025-01-18
AUTH00057,SHP00346,LIFTGATE,95.0,2025-01-19
AUTH00058,SHP00356,LIFTGATE,95.0,2025-01-17
AUTH00059,SHP00357,RESIDENTIAL,125.0,2025-01-18
AUTH00060,SHP00358,LIFTGATE,95.0,2025-01-19
AUTH00061,SHP00359,RESIDENTIAL,125.0,2025-01-18
AUTH00062,SHP00361,LIFTGATE,95.0,2025-01-18
AUTH00063,SHP00374,RESIDENTIAL,125.0,2025-01-18
AUTH00064,SHP00384,DETENTION,75.0,2025-01-19
AUTH00065,SHP00385,LIFTGATE,95.0,2025-01-17
AUTH00066,SHP00386,RESIDENTIAL,125.0,2025-01-23
AUTH00067,SHP00389,LIFTGATE,95.0,2025-01-20
AUTH00068,SHP00394,LIFTGATE,95.0,2025-01-19
AUTH00069,SHP00424,RESIDENTIAL,125.0,2025-01-23
AUTH00070,SHP00426,LIFTGATE,95.0,2025-01-21
AUTH00071,SHP00428,RESIDENTIAL,125.0,2025-01-20
AUTH00072,SHP00435,LIFTGATE,95.0,2025-01-20
AUTH00073,SHP00438,RESIDENTIAL,125.0,2025-01-20
AUTH00074,SHP00443,LIFTGATE,95.0,2025-01-20
AUTH00075,SHP00450,LIFTGATE,95.0,2025-01-21
AUTH00076,SHP00454,RESIDENTIAL,125.0,2025-01-23
AUTH00077,SHP00460,LIFTGATE,95.0,2025-01-24
AUTH00078,SHP00471,DETENTION,150.0,2025-01-21
AUTH00079,SHP00489,LIFTGATE,95.0,2025-01-22
AUTH00080,SHP00496,LIFTGATE,95.0,2025-01-24
AUTH00081,SHP00498,LIFTGATE,95.0,2025-01-23
AUTH00082,SHP00519,LIFTGATE,95.0,2025-01-24
AUTH00083,SHP00519,RESIDENTIAL,125.0,2025-01-24
AUTH00084,SHP00523,RESIDENTIAL,125.0,2025-01-24
AUTH00085,SHP00528,RESIDENTIAL,125.0,2025-01-26
AUTH00086,SHP00538,LIFTGATE,95.0,2025-01-26
AUTH00087,SHP00542,LIFTGATE,95.0,2025-01-28
AUTH00088,SHP00543,LIFTGATE,95.0,2025-01-29
AUTH00089,SHP00546,RESIDENTIAL,125.0,2025-01-28
AUTH00090,SHP00552,RESIDENTIAL,125.0,2025-01-27
AUTH00091,SHP00556,LIFTGATE,95.0,2025-01-28
AUTH00092,SHP00556,RESIDENTIAL,125.0,2025-01-27
AUTH00093,SHP00557,LIFTGATE,95.0,2025-01-27
AUTH00094,SHP00559,LIFTGATE,95.0,2025-01-28
AUTH00095,SHP00566,LIFTGATE,95.0,2025-01-27
AUTH00096,SHP00574,LIFTGATE,95.0,2025-01-30
AUTH00097,SHP00577,LIFTGATE,95.0,2025-01-28
AUTH00098,SHP00581,LIFTGATE,95.0,2025-01-30
AUTH00099,SHP00583,LIFTGATE,95.0,2025-01-28
AUTH00100,SHP00587,LIFTGATE,95.0,2025-01-27
AUTH00101,SHP00591,LIFTGATE,95.0,2025-01-30
AUTH00102,SHP00599,RESIDENTIAL,125.0,2025-01-28
AUTH00103,SHP00622,RESIDENTIAL,125.0,2025-01-28
AUTH00104,SHP00625,DETENTION,150.0,2025-02-03
AUTH00105,SHP00627,RESIDENTIAL,125.0,2025-01-28
AUTH00106,SHP00633,LIFTGATE,95.0,2025-02-01
AUTH00107,SHP00644,LIFTGATE,95.0,2025-02-01
AUTH00108,SHP00648,RESIDENTIAL,125.0,2025-01-30
AUTH00109,SHP00650,LIFTGATE,95.0,2025-01-30
AUTH00110,SHP00651,RESIDENTIAL,125.0,2025-01-29
AUTH00111,SHP00659,RESIDENTIAL,125.0,2025-01-31
AUTH00112,SHP00662,DETENTION,150.0,2025-02-01
AUTH00113,SHP00685,RESIDENTIAL,125.0,2025-01-31
AUTH00114,SHP00697,LIFTGATE,95.0,2025-01-31
AUTH00115,SHP00697,RESIDENTIAL,125.0,2025-02-01
AUTH00116,SHP00698,LIFTGATE,95.0,2025-02-03
AUTH00117,SHP00703,LIFTGATE,95.0,2025-02-03
AUTH00118,SHP00705,LIFTGATE,95.0,2025-02-06
AUTH00119,SHP00741,LIFTGATE,95.0,2025-02-03
AUTH00120,SHP00746,LIFTGATE,95.0,2025-02-03
AUTH00121,SHP00748,RESIDENTIAL,125.0,2025-02-04
AUTH00122,SHP00757,LIFTGATE,95.0,2025-02-05
AUTH00123,SHP00757,RESIDENTIAL,125.0,2025-02-03
AUTH00124,SHP00761,LIFTGATE,95.0,2025-02-03
AUTH00125,SHP00770,LIFTGATE,95.0,2025-02-03
AUTH00126,SHP00775,RESIDENTIAL,125.0,2025-02-06
AUTH00127,SHP00778,RESIDENTIAL,125.0,2025-02-05
AUTH00128,SHP00783,LIFTGATE,95.0,2025-02-10
AUTH00129,SHP00789,LIFTGATE,95.0,2025-02-07
AUTH00130,SHP00796,RESIDENTIAL,125.0,2025-02-06
AUTH00131,SHP00799,DETENTION,150.0,2025-02-06
AUTH00132,SHP00801,DETENTION,225.0,2025-02-06
AUTH00133,SHP00806,LIFTGATE,95.0,2025-02-06
AUTH00134,SHP00811,LIFTGATE,95.0,2025-02-05
AUTH00135,SHP00813,RESIDENTIAL,125.0,2025-02-08
AUTH00136,SHP00819,LIFTGATE,95.0,2025-02-06
AUTH00137,SHP00828,LIFTGATE,95.0,2025-02-05
AUTH00138,SHP00837,LIFTGATE,95.0,2025-02-07
AUTH00139,SHP00845,RESIDENTIAL,125.0,2025-02-07
AUTH00140,SHP00848,LIFTGATE,95.0,2025-02-06
AUTH00141,SHP00851,LIFTGATE,95.0,2025-02-08
AUTH00142,SHP00872,LIFTGATE,95.0,2025-02-10
AUTH00143,SHP00880,LIFTGATE,95.0,2025-02-09
AUTH00144,SHP00886,LIFTGATE,95.0,2025-02-09
AUTH00145,SHP00892,DETENTION,150.0,2025-02-08
AUTH00146,SHP00894,RESIDENTIAL,125.0,2025-02-10
AUTH00147,SHP00908,LIFTGATE,95.0,2025-02-10
AUTH00148,SHP00910,LIFTGATE,95.0,2025-02-11
AUTH00149,SHP00919,RESIDENTIAL,125.0,2025-02-09
AUTH00150,SHP00926,LIFTGATE,95.0,2025-02-11
AUTH00151,SHP00931,LIFTGATE,95.0,2025-02-11
AUTH00152,SHP00932,RESIDENTIAL,125.0,2025-02-10
AUTH00153,SHP00942,LIFTGATE,95.0,2025-02-12
AUTH00154,SHP00951,RESIDENTIAL,125.0,2025-02-10
AUTH00155,SHP00955,RESIDENTIAL,125.0,2025-02-12
AUTH00156,SHP00956,LIFTGATE,95.0,2025-02-11
AUTH00157,SHP00970,LIFTGATE,95.0,2025-02-15
AUTH00158,SHP00975,DETENTION,300.0,2025-02-13
AUTH00159,SHP00981,LIFTGATE,95.0,2025-02-13
AUTH00160,SHP00986,LIFTGATE,95.0,2025-02-14
AUTH00161,SHP01000,LIFTGATE,95.0,2025-02-14
AUTH00162,SHP01000,RESIDENTIAL,125.0,2025-02-12
AUTH00163,SHP01003,LIFTGATE,95.0,2025-02-12
AUTH00164,SHP01007,LIFTGATE,95.0,2025-02-13
AUTH00165,SHP01008,RESIDENTIAL,125.0,2025-02-13
AUTH00166,SHP01016,LIFTGATE,95.0,2025-02-13
AUTH00167,SHP01021,DETENTION,300.0,2025-02-14
AUTH00168,SHP01022,DETENTION,75.0,2025-02-14
AUTH00169,SHP01026,LIFTGATE,95.0,2025-02-18
AUTH00170,SHP01032,LIFTGATE,95.0,2025-02-16
AUTH00171,SHP01041,LIFTGATE,95.0,2025-02-19
AUTH00172,SHP01043,LIFTGATE,95.0,2025-02-16
AUTH00173,SHP01051,LIFTGATE,95.0,2025-02-15
AUTH00174,SHP01059,LIFTGATE,95.0,2025-02-19
AUTH00175,SHP01069,RESIDENTIAL,125.0,2025-02-18
AUTH00176,SHP01077,RESIDENTIAL,125.0,2025-02-16
AUTH00177,SHP01080,LIFTGATE,95.0,2025-02-18
AUTH00178,SHP01086,LIFTGATE,95.0,2025-02-15
AUTH00179,SHP01088,LIFTGATE,95.0,2025-02-16
AUTH00180,SHP01091,RESIDENTIAL,125.0,2025-02-16
AUTH00181,SHP01102,DETENTION,150.0,2025-02-16
AUTH00182,SHP01103,LIFTGATE,95.0,2025-02-18
AUTH00183,SHP01110,DETENTION,300.0,2025-02-18
AUTH00184,SHP01112,LIFTGATE,95.0,2025-02-16
AUTH00185,SHP01136,LIFTGATE,95.0,2025-02-18
AUTH00186,SHP01149,RESIDENTIAL,125.0,2025-02-19
AUTH00187,SHP01153,LIFTGATE,95.0,2025-02-18
AUTH00188,SHP01156,LIFTGATE,95.0,2025-02-21
AUTH00189,SHP01159,RESIDENTIAL,125.0,2025-02-23
AUTH00190,SHP01167,DETENTION,300.0,2025-02-21
AUTH00191,SHP01176,DETENTION,150.0,2025-02-19
AUTH00192,SHP01194,RESIDENTIAL,125.0,2025-02-24
AUTH00193,SHP01209,RESIDENTIAL,125.0,2025-02-21
AUTH00194,SHP01224,LIFTGATE,95.0,2025-02-22
AUTH00195,SHP01225,LIFTGATE,95.0,2025-02-27
AUTH00196,SHP01226,LIFTGATE,95.0,2025-02-22
AUTH00197,SHP01238,DETENTION,150.0,2025-02-23
AUTH00198,SHP01249,LIFTGATE,95.0,2025-02-24
AUTH00199,SHP01254,LIFTGATE,95.0,2025-02-23
AUTH00200,SHP01257,LIFTGATE,95.0,2025-02-22
AUTH00201,SHP01259,RESIDENTIAL,125.0,2025-02-25
AUTH00202,SHP01272,RESIDENTIAL,125.0,2025-02-23
AUTH00203,SHP01281,LIFTGATE,95.0,2025-02-25
AUTH00204,SHP01282,RESIDENTIAL,125.0,2025-02-24
AUTH00205,SHP01287,RESIDENTIAL,125.0,2025-02-26
AUTH00206,SHP01288,LIFTGATE,95.0,2025-02-24
AUTH00207,SHP01289,LIFTGATE,95.0,2025-02-25
AUTH00208,SHP01291,RESIDENTIAL,125.0,2025-02-25
AUTH00209,SHP01295,LIFTGATE,95.0,2025-02-26
AUTH00210,SHP01296,LIFTGATE,95.0,2025-02-25
AUTH00211,SHP01296,RESIDENTIAL,125.0,2025-02-25
AUTH00212,SHP01297,LIFTGATE,95.0,2025-02-26
AUTH00213,SHP01298,LIFTGATE,95.0,2025-02-24
AUTH00214,SHP01299,LIFTGATE,95.0,2025-02-26
AUTH00215,SHP01328,LIFTGATE,95.0,2025-03-01
AUTH00216,SHP01329,LIFTGATE,95.0,2025-03-03
AUTH00217,SHP01337,RESIDENTIAL,125.0,2025-03-03
AUTH00218,SHP01340,DETENTION,225.0,2025-02-28
AUTH00219,SHP01341,DETENTION,75.0,2025-03-01
AUTH00220,SHP01347,LIFTGATE,95.0,2025-03-01
AUTH00221,SHP01365,RESIDENTIAL,125.0,2025-02-28
AUTH00222,SHP01367,RESIDENTIAL,125.0,2025-02-27
AUTH00223,SHP01369,LIFTGATE,95.0,2025-02-27
AUTH00224,SHP01379,RESIDENTIAL,125.0,2025-03-03
AUTH00225,SHP01384,RESIDENTIAL,125.0,2025-03-04
AUTH00226,SHP01386,RESIDENTIAL,125.0,2025-03-01
AUTH00227,SHP01387,DETENTION,300.0,2025-03-01
AUTH00228,SHP01391,LIFTGATE,95.0,2025-03-01
AUTH00229,SHP01404,LIFTGATE,95.0,2025-03-05
AUTH00230,SHP01404,RESIDENTIAL,125.0,2025-03-04
AUTH00231,SHP01405,RESIDENTIAL,125.0,2025-03-01
AUTH00232,SHP01424,DETENTION,225.0,2025-03-05
AUTH00233,SHP01426,LIFTGATE,95.0,2025-03-07
AUTH00234,SHP01435,DETENTION,300.0,2025-03-03
AUTH00235,SHP01450,LIFTGATE,95.0,2025-03-04
AUTH00236,SHP01454,LIFTGATE,95.0,2025-03-06
AUTH00237,SHP01458,LIFTGATE,95.0,2025-03-04
AUTH00238,SHP01466,RESIDENTIAL,125.0,2025-03-06
AUTH00239,SHP01468,LIFTGATE,95.0,2025-03-07
AUTH00240,SHP01478,DETENTION,225.0,2025-03-06
AUTH00241,SHP01479,RESIDENTIAL,125.0,2025-03-06
AUTH00242,SHP01483,LIFTGATE,95.0,2025-03-07
AUTH00243,SHP01491,DETENTION,225.0,2025-03-06
AUTH00244,SHP01495,LIFTGATE,95.0,2025-03-05
AUTH00245,SHP01501,RESIDENTIAL,125.0,2025-03-05
AUTH00246,SHP01503,LIFTGATE,95.0,2025-03-07
AUTH00247,SHP01507,LIFTGATE,95.0,2025-03-06
AUTH00248,SHP01510,LIFTGATE,95.0,2025-03-06
AUTH00249,SHP01514,RESIDENTIAL,125.0,2025-03-05
AUTH00250,SHP01517,RESIDENTIAL,125.0,2025-03-05
AUTH00251,SHP01518,LIFTGATE,95.0,2025-03-05
AUTH00252,SHP01520,RESIDENTIAL,125.0,2025-03-05
AUTH00253,SHP01540,RESIDENTIAL,125.0,2025-03-07
AUTH00254,SHP01550,LIFTGATE,95.0,2025-03-08
AUTH00255,SHP01564,LIFTGATE,95.0,2025-03-10
AUTH00256,SHP01572,LIFTGATE,95.0,2025-03-08
AUTH00257,SHP01581,LIFTGATE,95.0,2025-03-07
AUTH00258,SHP01609,LIFTGATE,95.0,2025-03-12
AUTH00259,SHP01613,LIFTGATE,95.0,2025-03-10
AUTH00260,SHP01624,LIFTGATE,95.0,2025-03-10
AUTH00261,SHP01641,RESIDENTIAL,125.0,2025-03-10
AUTH00262,SHP01644,DETENTION,150.0,2025-03-12
AUTH00263,SHP01662,LIFTGATE,95.0,2025-03-14
AUTH00264,SHP01666,LIFTGATE,95.0,2025-03-15
AUTH00265,SHP01675,LIFTGATE,95.0,2025-03-14
AUTH00266,SHP01682,RESIDENTIAL,125.0,2025-03-18
AUTH00267,SHP01684,RESIDENTIAL,125.0,2025-03-14
AUTH00268,SHP01686,RESIDENTIAL,125.0,2025-03-14
AUTH00269,SHP01697,LIFTGATE,95.0,2025-03-15
AUTH00270,SHP01699,LIFTGATE,95.0,2025-03-12
AUTH00271,SHP01704,RESIDENTIAL,125.0,2025-03-16
AUTH00272,SHP01706,LIFTGATE,95.0,2025-03-17
AUTH00273,SHP01708,LIFTGATE,95.0,2025-03-12
AUTH00274,SHP01718,LIFTGATE,95.0,2025-03-15
AUTH00275,SHP01719,RESIDENTIAL,125.0,2025-03-14
AUTH00276,SHP01725,LIFTGATE,95.0,2025-03-14
AUTH00277,SHP01730,LIFTGATE,95.0,2025-03-13
AUTH00278,SHP01732,LIFTGATE,95.0,2025-03-13
AUTH00279,SHP01753,LIFTGATE,95.0,2025-03-17
AUTH00280,SHP01759,LIFTGATE,95.0,2025-03-14
AUTH00281,SHP01761,RESIDENTIAL,125.0,2025-03-15
AUTH00282,SHP01763,LIFTGATE,95.0,2025-03-15
AUTH00283,SHP01764,LIFTGATE,95.0,2025-03-15
AUTH00284,SHP01778,LIFTGATE,95.0,2025-03-15
AUTH00285,SHP01779,LIFTGATE,95.0,2025-03-16
AUTH00286,SHP01781,LIFTGATE,95.0,2025-03-15
AUTH00287,SHP01797,LIFTGATE,95.0,2025-03-18
AUTH00288,SHP01804,LIFTGATE,95.0,2025-03-17
AUTH00289,SHP01808,RESIDENTIAL,125.0,2025-03-17
AUTH00290,SHP01810,LIFTGATE,95.0,2025-03-20
AUTH00291,SHP01812,LIFTGATE,95.0,2025-03-19
AUTH00292,SHP01819,LIFTGATE,95.0,2025-03-19
AUTH00293,SHP01824,LIFTGATE,95.0,2025-03-17
AUTH00294,SHP01825,LIFTGATE,95.0,2025-03-19
AUTH00295,SHP01846,LIFTGATE,95.0,2025-03-21
AUTH00296,SHP01861,RESIDENTIAL,125.0,2025-03-20
AUTH00297,SHP01863,LIFTGATE,95.0,2025-03-20
AUTH00298,SHP01865,LIFTGATE,95.0,2025-03-21
AUTH00299,SHP01866,LIFTGATE,95.0,2025-03-19
AUTH00300,SHP01871,LIFTGATE,95.0,2025-03-20
AUTH00301,SHP01877,LIFTGATE,95.0,2025-03-19
AUTH00302,SHP01886,RESIDENTIAL,125.0,2025-03-21
AUTH00303,SHP01897,LIFTGATE,95.0,2025-03-20
AUTH00304,SHP01903,LIFTGATE,95.0,2025-03-22
AUTH00305,SHP01906,LIFTGATE,95.0,2025-03-22
AUTH00306,SHP01907,RESIDENTIAL,125.0,2025-03-20
AUTH00307,SHP01912,LIFTGATE,95.0,2025-03-21
AUTH00308,SHP01923,RESIDENTIAL,125.0,2025-03-23
AUTH00309,SHP01927,DETENTION,75.0,2025-03-22
AUTH00310,SHP01930,LIFTGATE,95.0,2025-03-21
AUTH00311,SHP01945,LIFTGATE,95.0,2025-03-23
AUTH00312,SHP01946,RESIDENTIAL,125.0,2025-03-23
AUTH00313,SHP01963,LIFTGATE,95.0,2025-03-28
AUTH00314,SHP01968,RESIDENTIAL,125.0,2025-03-26
AUTH00315,SHP01976,RESIDENTIAL,125.0,2025-03-23
AUTH00316,SHP01978,LIFTGATE,95.0,2025-03-25
AUTH00317,SHP01983,LIFTGATE,95.0,2025-03-25
AUTH00318,SHP01989,LIFTGATE,95.0,2025-03-25
AUTH00319,SHP01995,RESIDENTIAL,125.0,2025-03-26
AUTH00320,SHP02000,LIFTGATE,95.0,2025-03-24
AUTH00321,SHP02002,LIFTGATE,95.0,2025-03-26
AUTH00322,SHP02005,DETENTION,75.0,2025-03-24
AUTH00323,SHP02010,LIFTGATE,95.0,2025-03-26
AUTH00324,SHP02018,RESIDENTIAL,125.0,2025-03-25
AUTH00325,SHP02019,LIFTGATE,95.0,2025-03-26
AUTH00326,SHP02022,RESIDENTIAL,125.0,2025-03-27
AUTH00327,SHP02048,RESIDENTIAL,125.0,2025-03-26
AUTH00328,SHP02053,RESIDENTIAL,125.0,2025-03-28
AUTH00329,SHP02054,DETENTION,225.0,2025-03-28
AUTH00330,SHP02058,LIFTGATE,95.0,2025-04-01
AUTH00331,SHP02064,LIFTGATE,95.0,2025-03-27
AUTH00332,SHP02069,LIFTGATE,95.0,2025-03-27
AUTH00333,SHP02074,LIFTGATE,95.0,2025-03-27
AUTH00334,SHP02076,LIFTGATE,95.0,2025-03-29
AUTH00335,SHP02077,LIFTGATE,95.0,2025-03-28
AUTH00336,SHP02079,RESIDENTIAL,125.0,2025-03-30
AUTH00337,SHP02083,DETENTION,225.0,2025-03-27
AUTH00338,SHP02085,LIFTGATE,95.0,2025-03-27
AUTH00339,SHP02087,RESIDENTIAL,125.0,2025-03-27
AUTH00340,SHP02088,DETENTION,225.0,2025-03-27
AUTH00341,SHP02089,RESIDENTIAL,125.0,2025-04-02
AUTH00342,SHP02110,LIFTGATE,95.0,2025-03-29
AUTH00343,SHP02114,LIFTGATE,95.0,2025-03-29
AUTH00344,SHP02118,LIFTGATE,95.0,2025-03-31
AUTH00345,SHP02123,LIFTGATE,95.0,2025-04-02
AUTH00346,SHP02123,RESIDENTIAL,125.0,2025-04-01
AUTH00347,SHP02131,RESIDENTIAL,125.0,2025-03-29
AUTH00348,SHP02141,LIFTGATE,95.0,2025-04-01
AUTH00349,SHP02151,RESIDENTIAL,125.0,2025-03-31
AUTH00350,SHP02154,RESIDENTIAL,125.0,2025-03-30
AUTH00351,SHP02159,LIFTGATE,95.0,2025-04-04
AUTH00352,SHP02163,RESIDENTIAL,125.0,2025-03-31
AUTH00353,SHP02164,RESIDENTIAL,125.0,2025-03-30
AUTH00354,SHP02169,LIFTGATE,95.0,2025-03-31
AUTH00355,SHP02174,RESIDENTIAL,125.0,2025-04-04
AUTH00356,SHP02175,RESIDENTIAL,125.0,2025-04-01
AUTH00357,SHP02182,RESIDENTIAL,125.0,2025-03-31
AUTH00358,SHP02190,RESIDENTIAL,125.0,2025-04-02
AUTH00359,SHP02197,LIFTGATE,95.0,2025-04-04
AUTH00360,SHP02203,LIFTGATE,95.0,2025-04-04
AUTH00361,SHP02204,RESIDENTIAL,125.0,2025-04-03
AUTH00362,SHP02208,RESIDENTIAL,125.0,2025-04-02
AUTH00363,SHP02210,RESIDENTIAL,125.0,2025-04-04
AUTH00364,SHP02218,LIFTGATE,95.0,2025-04-02
AUTH00365,SHP02235,LIFTGATE,95.0,2025-04-06
AUTH00366,SHP02235,RESIDENTIAL,125.0,2025-04-06
AUTH00367,SHP02247,LIFTGATE,95.0,2025-04-03
AUTH00368,SHP02250,LIFTGATE,95.0,2025-04-03
AUTH00369,SHP02251,RESIDENTIAL,125.0,2025-04-03
AUTH00370,SHP02253,LIFTGATE,95.0,2025-04-03
AUTH00371,SHP02275,DETENTION,75.0,2025-04-07
AUTH00372,SHP02278,LIFTGATE,95.0,2025-04-06
AUTH00373,SHP02284,LIFTGATE,95.0,2025-04-10
AUTH00374,SHP02285,LIFTGATE,95.0,2025-04-06
AUTH00375,SHP02292,LIFTGATE,95.0,2025-04-05
AUTH00376,SHP02295,RESIDENTIAL,125.0,2025-04-04
AUTH00377,SHP02302,RESIDENTIAL,125.0,2025-04-04
AUTH00378,SHP02305,LIFTGATE,95.0,2025-04-06
AUTH00379,SHP02308,LIFTGATE,95.0,2025-04-06
AUTH00380,SHP02310,LIFTGATE,95.0,2025-04-05
AUTH00381,SHP02315,LIFTGATE,95.0,2025-04-07
AUTH00382,SHP02317,DETENTION,225.0,2025-04-09
AUTH00383,SHP02320,DETENTION,150.0,2025-04-06
AUTH00384,SHP02322,LIFTGATE,95.0,2025-04-07
AUTH00385,SHP02324,LIFTGATE,95.0,2025-04-07
AUTH00386,SHP02327,RESIDENTIAL,125.0,2025-04-08
AUTH00387,SHP02332,LIFTGATE,95.0,2025-04-06
AUTH00388,SHP02336,LIFTGATE,95.0,2025-04-08
AUTH00389,SHP02340,DETENTION,300.0,2025-04-07
AUTH00390,SHP02343,LIFTGATE,95.0,2025-04-06
AUTH00391,SHP02346,LIFTGATE,95.0,2025-04-06
AUTH00392,SHP02349,RESIDENTIAL,125.0,2025-04-07
AUTH00393,SHP02352,DETENTION,150.0,2025-04-07
AUTH00394,SHP02354,LIFTGATE,95.0,2025-04-08
AUTH00395,SHP02361,RESIDENTIAL,125.0,2025-04-09
AUTH00396,SHP02363,LIFTGATE,95.0,2025-04-11
AUTH00397,SHP02364,LIFTGATE,95.0,2025-04-08
AUTH00398,SHP02366,LIFTGATE,95.0,2025-04-08
AUTH00399,SHP02376,LIFTGATE,95.0,2025-04-09
AUTH00400,SHP02378,LIFTGATE,95.0,2025-04-08
AUTH00401,SHP02378,RESIDENTIAL,125.0,2025-04-10
AUTH00402,SHP02379,DETENTION,75.0,2025-04-07
AUTH00403,SHP02381,DETENTION,75.0,2025-04-08
AUTH00404,SHP02385,LIFTGATE,95.0,2025-04-08
AUTH00405,SHP02386,RESIDENTIAL,125.0,2025-04-09
AUTH00406,SHP02406,DETENTION,75.0,2025-04-08
AUTH00407,SHP02439,LIFTGATE,95.0,2025-04-11
AUTH00408,SHP02440,RESIDENTIAL,125.0,2025-04-10
AUTH00409,SHP02448,LIFTGATE,95.0,2025-04-12
AUTH00410,SHP02450,RESIDENTIAL,125.0,2025-04-12
AUTH00411,SHP02451,LIFTGATE,95.0,2025-04-10
AUTH00412,SHP02464,LIFTGATE,95.0,2025-04-13
AUTH00413,SHP02465,LIFTGATE,95.0,2025-04-10
AUTH00414,SHP02466,LIFTGATE,95.0,2025-04-15
AUTH00415,SHP02467,LIFTGATE,95.0,2025-04-12
AUTH00416,SHP02471,RESIDENTIAL,125.0,2025-04-13
AUTH00417,SHP02481,LIFTGATE,95.0,2025-04-11
AUTH00418,SHP02483,RESIDENTIAL,125.0,2025-04-13
AUTH00419,SHP02489,LIFTGATE,95.0,2025-04-12
AUTH00420,SHP02500,LIFTGATE,95.0,2025-04-13
AUTH00421,SHP02500,RESIDENTIAL,125.0,2025-04-14
AUTH00422,SHP02501,LIFTGATE,95.0,2025-04-12
AUTH00423,SHP02511,RESIDENTIAL,125.0,2025-04-17
AUTH00424,SHP02514,LIFTGATE,95.0,2025-04-14
AUTH00425,SHP02521,RESIDENTIAL,125.0,2025-04-13
AUTH00426,SHP02530,LIFTGATE,95.0,2025-04-14
AUTH00427,SHP02531,DETENTION,150.0,2025-04-13
AUTH00428,SHP02534,LIFTGATE,95.0,2025-04-13
AUTH00429,SHP02535,LIFTGATE,95.0,2025-04-15
AUTH00430,SHP02541,LIFTGATE,95.0,2025-04-13
AUTH00431,SHP02554,RESIDENTIAL,125.0,2025-04-16
AUTH00432,SHP02557,RESIDENTIAL,125.0,2025-04-15
AUTH00433,SHP02558,LIFTGATE,95.0,2025-04-15
AUTH00434,SHP02559,LIFTGATE,95.0,2025-04-16
AUTH00435,SHP02579,RESIDENTIAL,125.0,2025-04-17
AUTH00436,SHP02580,LIFTGATE,95.0,2025-04-15
AUTH00437,SHP02584,DETENTION,150.0,2025-04-17
AUTH00438,SHP02589,LIFTGATE,95.0,2025-04-19
AUTH00439,SHP02591,LIFTGATE,95.0,2025-04-16
AUTH00440,SHP02591,RESIDENTIAL,125.0,2025-04-17
AUTH00441,SHP02596,LIFTGATE,95.0,2025-04-20
AUTH00442,SHP02606,RESIDENTIAL,125.0,2025-04-19
AUTH00443,SHP02616,RESIDENTIAL,125.0,2025-04-17
AUTH00444,SHP02619,RESIDENTIAL,125.0,2025-04-16
AUTH00445,SHP02648,LIFTGATE,95.0,2025-04-17
AUTH00446,SHP02654,RESIDENTIAL,125.0,2025-04-18
AUTH00447,SHP02663,LIFTGATE,95.0,2025-04-22
AUTH00448,SHP02668,LIFTGATE,95.0,2025-04-21
AUTH00449,SHP02674,LIFTGATE,95.0,2025-04-22
AUTH00450,SHP02682,DETENTION,75.0,2025-04-20
AUTH00451,SHP02690,LIFTGATE,95.0,2025-04-19
AUTH00452,SHP02700,LIFTGATE,95.0,2025-04-20
AUTH00453,SHP02702,LIFTGATE,95.0,2025-04-22
AUTH00454,SHP02710,LIFTGATE,95.0,2025-04-23
AUTH00455,SHP02718,LIFTGATE,95.0,2025-04-22
AUTH00456,SHP02722,DETENTION,225.0,2025-04-21
AUTH00457,SHP02725,RESIDENTIAL,125.0,2025-04-22
AUTH00458,SHP02726,LIFTGATE,95.0,2025-04-23
AUTH00459,SHP02727,DETENTION,75.0,2025-04-24
AUTH00460,SHP02729,LIFTGATE,95.0,2025-04-22
AUTH00461,SHP02731,LIFTGATE,95.0,2025-04-20
AUTH00462,SHP02733,LIFTGATE,95.0,2025-04-22
AUTH00463,SHP02743,LIFTGATE,95.0,2025-04-23
AUTH00464,SHP02748,LIFTGATE,95.0,2025-04-21
AUTH00465,SHP02752,LIFTGATE,95.0,2025-04-21
AUTH00466,SHP02760,RESIDENTIAL,125.0,2025-04-23
AUTH00467,SHP02772,LIFTGATE,95.0,2025-04-24
AUTH00468,SHP02773,LIFTGATE,95.0,2025-04-24
AUTH00469,SHP02781,LIFTGATE,95.0,2025-04-24
AUTH00470,SHP02792,RESIDENTIAL,125.0,2025-04-26
AUTH00471,SHP02794,RESIDENTIAL,125.0,2025-04-25
AUTH00472,SHP02801,LIFTGATE,95.0,2025-04-24
AUTH00473,SHP02805,DETENTION,75.0,2025-04-26
AUTH00474,SHP02808,RESIDENTIAL,125.0,2025-04-24
AUTH00475,SHP02814,LIFTGATE,95.0,2025-04-24
AUTH00476,SHP02820,LIFTGATE,95.0,2025-04-24
AUTH00477,SHP02822,LIFTGATE,95.0,2025-04-27
AUTH00478,SHP02854,LIFTGATE,95.0,2025-04-27
AUTH00479,SHP02857,LIFTGATE,95.0,2025-04-27
AUTH00480,SHP02858,LIFTGATE,95.0,2025-04-25
AUTH00481,SHP02858,RESIDENTIAL,125.0,2025-04-28
AUTH00482,SHP02864,DETENTION,300.0,2025-04-29
AUTH00483,SHP02865,LIFTGATE,95.0,2025-04-28
AUTH00484,SHP02866,LIFTGATE,95.0,2025-04-26
AUTH00485,SHP02868,LIFTGATE,95.0,2025-04-25
AUTH00486,SHP02883,LIFTGATE,95.0,2025-05-01
AUTH00487,SHP02887,LIFTGATE,95.0,2025-04-27
AUTH00488,SHP02889,LIFTGATE,95.0,2025-04-30
AUTH00489,SHP02895,LIFTGATE,95.0,2025-04-29
AUTH00490,SHP02911,RESIDENTIAL,125.0,2025-04-29
AUTH00491,SHP02912,LIFTGATE,95.0,2025-04-29
AUTH00492,SHP02920,LIFTGATE,95.0,2025-04-30
AUTH00493,SHP02935,LIFTGATE,95.0,2025-04-28
AUTH00494,SHP02938,DETENTION,75.0,2025-04-29
AUTH00495,SHP02948,LIFTGATE,95.0,2025-04-30
AUTH00496,SHP02951,RESIDENTIAL,125.0,2025-04-30
AUTH00497,SHP02965,DETENTION,300.0,2025-04-29
AUTH00498,SHP02969,LIFTGATE,95.0,2025-05-02
AUTH00499,SHP02971,RESIDENTIAL,125.0,2025-04-30
AUTH00500,SHP02982,LIFTGATE,95.0,2025-05-01
AUTH00501,SHP02996,RESIDENTIAL,125.0,2025-05-01
AUTH00502,SHP02999,LIFTGATE,95.0,2025-05-02
AUTH00503,SHP02999,RESIDENTIAL,125.0,2025-05-02
AUTH00504,SHP03001,DETENTION,150.0,2025-05-03
AUTH00505,SHP03016,RESIDENTIAL,125.0,2025-05-02
AUTH00506,SHP03021,LIFTGATE,95.0,2025-05-02
AUTH00507,SHP03022,LIFTGATE,95.0,2025-05-04
AUTH00508,SHP03026,LIFTGATE,95.0,2025-05-01
AUTH00509,SHP03044,LIFTGATE,95.0,2025-05-07
AUTH00510,SHP03045,LIFTGATE,95.0,2025-05-02
AUTH00511,SHP03046,RESIDENTIAL,125.0,2025-05-03
AUTH00512,SHP03047,LIFTGATE,95.0,2025-05-03
AUTH00513,SHP03057,RESIDENTIAL,125.0,2025-05-05
AUTH00514,SHP03059,RESIDENTIAL,125.0,2025-05-05
AUTH00515,SHP03066,DETENTION,150.0,2025-05-03
AUTH00516,SHP03071,RESIDENTIAL,125.0,2025-05-04
AUTH00517,SHP03076,LIFTGATE,95.0,2025-05-03
AUTH00518,SHP03081,LIFTGATE,95.0,2025-05-03
AUTH00519,SHP03097,LIFTGATE,95.0,2025-05-06
AUTH00520,SHP03100,LIFTGATE,95.0,2025-05-08
AUTH00521,SHP03113,LIFTGATE,95.0,2025-05-06
AUTH00522,SHP03116,LIFTGATE,95.0,2025-05-11
AUTH00523,SHP03119,LIFTGATE,95.0,2025-05-06
AUTH00524,SHP03128,RESIDENTIAL,125.0,2025-05-06
AUTH00525,SHP03131,DETENTION,75.0,2025-05-06
AUTH00526,SHP03139,LIFTGATE,95.0,2025-05-06
AUTH00527,SHP03142,LIFTGATE,95.0,2025-05-07
AUTH00528,SHP03143,DETENTION,150.0,2025-05-08
AUTH00529,SHP03145,LIFTGATE,95.0,2025-05-06
AUTH00530,SHP03146,LIFTGATE,95.0,2025-05-06
AUTH00531,SHP03148,LIFTGATE,95.0,2025-05-08
AUTH00532,SHP03152,LIFTGATE,95.0,2025-05-06
AUTH00533,SHP03164,LIFTGATE,95.0,2025-05-06
AUTH00534,SHP03165,DETENTION,150.0,2025-05-07
AUTH00535,SHP03168,RESIDENTIAL,125.0,2025-05-10
AUTH00536,SHP03169,LIFTGATE,95.0,2025-05-06
AUTH00537,SHP03182,LIFTGATE,95.0,2025-05-06
AUTH00538,SHP03185,RESIDENTIAL,125.0,2025-05-07
AUTH00539,SHP03187,LIFTGATE,95.0,2025-05-06
AUTH00540,SHP03197,LIFTGATE,95.0,2025-05-08
AUTH00541,SHP03236,DETENTION,75.0,2025-05-09
AUTH00542,SHP03238,LIFTGATE,95.0,2025-05-12
AUTH00543,SHP03250,RESIDENTIAL,125.0,2025-05-09
AUTH00544,SHP03257,RESIDENTIAL,125.0,2025-05-12
AUTH00545,SHP03258,LIFTGATE,95.0,2025-05-14
AUTH00546,SHP03281,LIFTGATE,95.0,2025-05-10
AUTH00547,SHP03287,RESIDENTIAL,125.0,2025-05-10
AUTH00548,SHP03290,LIFTGATE,95.0,2025-05-11
AUTH00549,SHP03290,RESIDENTIAL,125.0,2025-05-11
AUTH00550,SHP03299,LIFTGATE,95.0,2025-05-13
AUTH00551,SHP03301,LIFTGATE,95.0,2025-05-12
AUTH00552,SHP03309,DETENTION,75.0,2025-05-13
AUTH00553,SHP03311,RESIDENTIAL,125.0,2025-05-14
AUTH00554,SHP03312,LIFTGATE,95.0,2025-05-11
AUTH00555,SHP03320,LIFTGATE,95.0,2025-05-15
AUTH00556,SHP03326,DETENTION,225.0,2025-05-11
AUTH00557,SHP03328,DETENTION,150.0,2025-05-12
AUTH00558,SHP03336,RESIDENTIAL,125.0,2025-05-13
AUTH00559,SHP03351,RESIDENTIAL,125.0,2025-05-13
AUTH00560,SHP03353,DETENTION,150.0,2025-05-15
AUTH00561,SHP03355,LIFTGATE,95.0,2025-05-17
AUTH00562,SHP03358,DETENTION,150.0,2025-05-16
AUTH00563,SHP03368,LIFTGATE,95.0,2025-05-12
AUTH00564,SHP03368,RESIDENTIAL,125.0,2025-05-14
AUTH00565,SHP03371,RESIDENTIAL,125.0,2025-05-12
AUTH00566,SHP03380,RESIDENTIAL,125.0,2025-05-18
AUTH00567,SHP03399,RESIDENTIAL,125.0,2025-05-15
AUTH00568,SHP03404,LIFTGATE,95.0,2025-05-13
AUTH00569,SHP03414,RESIDENTIAL,125.0,2025-05-15
AUTH00570,SHP03416,LIFTGATE,95.0,2025-05-15
AUTH00571,SHP03419,LIFTGATE,95.0,2025-05-17
AUTH00572,SHP03441,LIFTGATE,95.0,2025-05-15
AUTH00573,SHP03443,LIFTGATE,95.0,2025-05-16
AUTH00574,SHP03444,RESIDENTIAL,125.0,2025-05-16
AUTH00575,SHP03446,LIFTGATE,95.0,2025-05-17
AUTH00576,SHP03447,RESIDENTIAL,125.0,2025-05-17
AUTH00577,SHP03452,RESIDENTIAL,125.0,2025-05-17
AUTH00578,SHP03466,LIFTGATE,95.0,2025-05-19
AUTH00579,SHP03473,LIFTGATE,95.0,2025-05-18
AUTH00580,SHP03484,RESIDENTIAL,125.0,2025-05-19
AUTH00581,SHP03486,LIFTGATE,95.0,2025-05-16
AUTH00582,SHP03499,RESIDENTIAL,125.0,2025-05-19
AUTH00583,SHP03503,LIFTGATE,95.0,2025-05-18
AUTH00584,SHP03512,LIFTGATE,95.0,2025-05-17
AUTH00585,SHP03526,LIFTGATE,95.0,2025-05-20
AUTH00586,SHP03528,LIFTGATE,95.0,2025-05-20
AUTH00587,SHP03530,RESIDENTIAL,125.0,2025-05-19
AUTH00588,SHP03535,LIFTGATE,95.0,2025-05-20
AUTH00589,SHP03535,RESIDENTIAL,125.0,2025-05-19
AUTH00590,SHP03541,LIFTGATE,95.0,2025-05-20
AUTH00591,SHP03547,RESIDENTIAL,125.0,2025-05-20
AUTH00592,SHP03557,RESIDENTIAL,125.0,2025-05-23
AUTH00593,SHP03558,RESIDENTIAL,125.0,2025-05-22
AUTH00594,SHP03570,RESIDENTIAL,125.0,2025-05-20
AUTH00595,SHP03578,RESIDENTIAL,125.0,2025-05-19
AUTH00596,SHP03585,RESIDENTIAL,125.0,2025-05-21
AUTH00597,SHP03588,RESIDENTIAL,125.0,2025-05-21
AUTH00598,SHP03596,LIFTGATE,95.0,2025-05-22
AUTH00599,SHP03604,LIFTGATE,95.0,2025-05-21
AUTH00600,SHP03607,LIFTGATE,95.0,2025-05-23
AUTH00601,SHP03608,LIFTGATE,95.0,2025-05-22
AUTH00602,SHP03611,RESIDENTIAL,125.0,2025-05-21
AUTH00603,SHP03614,LIFTGATE,95.0,2025-05-22
AUTH00604,SHP03620,DETENTION,300.0,2025-05-23
AUTH00605,SHP03622,LIFTGATE,95.0,2025-05-22
AUTH00606,SHP03623,RESIDENTIAL,125.0,2025-05-23
AUTH00607,SHP03631,LIFTGATE,95.0,2025-05-23
AUTH00608,SHP03633,LIFTGATE,95.0,2025-05-25
AUTH00609,SHP03635,LIFTGATE,95.0,2025-05-24
AUTH00610,SHP03637,RESIDENTIAL,125.0,2025-05-22
AUTH00611,SHP03638,LIFTGATE,95.0,2025-05-24
AUTH00612,SHP03651,LIFTGATE,95.0,2025-05-24
AUTH00613,SHP03672,DETENTION,150.0,2025-05-25
AUTH00614,SHP03675,LIFTGATE,95.0,2025-05-25
AUTH00615,SHP03680,RESIDENTIAL,125.0,2025-05-25
AUTH00616,SHP03681,RESIDENTIAL,125.0,2025-05-27
AUTH00617,SHP03687,LIFTGATE,95.0,2025-05-27
AUTH00618,SHP03689,LIFTGATE,95.0,2025-05-26
AUTH00619,SHP03693,LIFTGATE,95.0,2025-05-29
AUTH00620,SHP03697,RESIDENTIAL,125.0,2025-05-28
AUTH00621,SHP03707,RESIDENTIAL,125.0,2025-05-24
AUTH00622,SHP03711,LIFTGATE,95.0,2025-05-28
AUTH00623,SHP03726,LIFTGATE,95.0,2025-05-25
AUTH00624,SHP03731,RESIDENTIAL,125.0,2025-05-26
AUTH00625,SHP03735,RESIDENTIAL,125.0,2025-05-26
AUTH00626,SHP03737,RESIDENTIAL,125.0,2025-05-28
AUTH00627,SHP03751,RESIDENTIAL,125.0,2025-05-26
AUTH00628,SHP03752,LIFTGATE,95.0,2025-05-31
AUTH00629,SHP03754,LIFTGATE,95.0,2025-05-28
AUTH00630,SHP03769,LIFTGATE,95.0,2025-05-30
AUTH00631,SHP03772,LIFTGATE,95.0,2025-05-28
AUTH00632,SHP03777,LIFTGATE,95.0,2025-05-30
AUTH00633,SHP03787,LIFTGATE,95.0,2025-05-28
AUTH00634,SHP03790,LIFTGATE,95.0,2025-05-27
AUTH00635,SHP03795,LIFTGATE,95.0,2025-05-29
AUTH00636,SHP03811,DETENTION,150.0,2025-05-28
AUTH00637,SHP03814,RESIDENTIAL,125.0,2025-05-29
AUTH00638,SHP03822,RESIDENTIAL,125.0,2025-05-29
AUTH00639,SHP03826,RESIDENTIAL,125.0,2025-05-29
AUTH00640,SHP03831,LIFTGATE,95.0,2025-05-30
AUTH00641,SHP03839,LIFTGATE,95.0,2025-05-29
AUTH00642,SHP03859,LIFTGATE,95.0,2025-05-30
AUTH00643,SHP03865,RESIDENTIAL,125.0,2025-06-01
AUTH00644,SHP03882,LIFTGATE,95.0,2025-06-02
AUTH00645,SHP03888,LIFTGATE,95.0,2025-06-02
AUTH00646,SHP03889,LIFTGATE,95.0,2025-06-02
AUTH00647,SHP03893,LIFTGATE,95.0,2025-06-05
AUTH00648,SHP03899,LIFTGATE,95.0,2025-06-02
AUTH00649,SHP03899,RESIDENTIAL,125.0,2025-06-01
AUTH00650,SHP03911,RESIDENTIAL,125.0,2025-06-02
AUTH00651,SHP03914,DETENTION,150.0,2025-06-01
AUTH00652,SHP03919,DETENTION,300.0,2025-06-04
AUTH00653,SHP03928,DETENTION,75.0,2025-06-02
AUTH00654,SHP03935,RESIDENTIAL,125.0,2025-06-04
AUTH00655,SHP03938,LIFTGATE,95.0,2025-06-05
AUTH00656,SHP03945,LIFTGATE,95.0,2025-06-03
AUTH00657,SHP03948,LIFTGATE,95.0,2025-06-04
AUTH00658,SHP03950,LIFTGATE,95.0,2025-06-04
AUTH00659,SHP03954,LIFTGATE,95.0,2025-06-05
AUTH00660,SHP03958,LIFTGATE,95.0,2025-06-07
AUTH00661,SHP03961,LIFTGATE,95.0,2025-06-04
AUTH00662,SHP03966,LIFTGATE,95.0,2025-06-05
AUTH00663,SHP03974,LIFTGATE,95.0,2025-06-03
AUTH00664,SHP03975,RESIDENTIAL,125.0,2025-06-04
AUTH00665,SHP03980,RESIDENTIAL,125.0,2025-06-05
AUTH00666,SHP03993,DETENTION,225.0,2025-06-07
AUTH00667,SHP04001,RESIDENTIAL,125.0,2025-06-08
AUTH00668,SHP04006,RESIDENTIAL,125.0,2025-06-08
AUTH00669,SHP04010,RESIDENTIAL,125.0,2025-06-07
AUTH00670,SHP04012,LIFTGATE,95.0,2025-06-06
AUTH00671,SHP04015,LIFTGATE,95.0,2025-06-07
AUTH00672,SHP04017,RESIDENTIAL,125.0,2025-06-05
AUTH00673,SHP04031,RESIDENTIAL,125.0,2025-06-05
AUTH00674,SHP04034,RESIDENTIAL,125.0,2025-06-07
AUTH00675,SHP04035,RESIDENTIAL,125.0,2025-06-05
AUTH00676,SHP04038,LIFTGATE,95.0,2025-06-10
AUTH00677,SHP04042,LIFTGATE,95.0,2025-06-08
AUTH00678,SHP04068,LIFTGATE,95.0,2025-06-08
AUTH00679,SHP04073,LIFTGATE,95.0,2025-06-10
AUTH00680,SHP04078,RESIDENTIAL,125.0,2025-06-07
AUTH00681,SHP04081,LIFTGATE,95.0,2025-06-08
AUTH00682,SHP04094,LIFTGATE,95.0,2025-06-08
AUTH00683,SHP04094,RESIDENTIAL,125.0,2025-06-09
AUTH00684,SHP04097,RESIDENTIAL,125.0,2025-06-07
AUTH00685,SHP04105,LIFTGATE,95.0,2025-06-13
AUTH00686,SHP04110,LIFTGATE,95.0,2025-06-09
AUTH00687,SHP04119,LIFTGATE,95.0,2025-06-11
AUTH00688,SHP04135,LIFTGATE,95.0,2025-06-10
AUTH00689,SHP04140,LIFTGATE,95.0,2025-06-11
AUTH00690,SHP04143,LIFTGATE,95.0,2025-06-11
AUTH00691,SHP04146,RESIDENTIAL,125.0,2025-06-09
AUTH00692,SHP04148,LIFTGATE,95.0,2025-06-10
AUTH00693,SHP04152,RESIDENTIAL,125.0,2025-06-10
AUTH00694,SHP04155,LIFTGATE,95.0,2025-06-11
AUTH00695,SHP04157,RESIDENTIAL,125.0,2025-06-09
AUTH00696,SHP04168,LIFTGATE,95.0,2025-06-10
AUTH00697,SHP04172,RESIDENTIAL,125.0,2025-06-15
AUTH00698,SHP04177,DETENTION,75.0,2025-06-13
AUTH00699,SHP04182,RESIDENTIAL,125.0,2025-06-10
AUTH00700,SHP04183,LIFTGATE,95.0,2025-06-10
AUTH00701,SHP04190,LIFTGATE,95.0,2025-06-10
AUTH00702,SHP04190,RESIDENTIAL,125.0,2025-06-13
AUTH00703,SHP04192,LIFTGATE,95.0,2025-06-14
AUTH00704,SHP04198,LIFTGATE,95.0,2025-06-11
AUTH00705,SHP04206,LIFTGATE,95.0,2025-06-12
AUTH00706,SHP04220,LIFTGATE,95.0,2025-06-12
AUTH00707,SHP04221,LIFTGATE,95.0,2025-06-13
AUTH00708,SHP04229,LIFTGATE,95.0,2025-06-12
AUTH00709,SHP04240,LIFTGATE,95.0,2025-06-16
AUTH00710,SHP04250,DETENTION,150.0,2025-06-13
AUTH00711,SHP04257,RESIDENTIAL,125.0,2025-06-12
AUTH00712,SHP04262,LIFTGATE,95.0,2025-06-13
AUTH00713,SHP04286,DETENTION,300.0,2025-06-15
AUTH00714,SHP04292,RESIDENTIAL,125.0,2025-06-15
AUTH00715,SHP04294,RESIDENTIAL,125.0,2025-06-15
AUTH00716,SHP04297,RESIDENTIAL,125.0,2025-06-16
AUTH00717,SHP04303,RESIDENTIAL,125.0,2025-06-15
AUTH00718,SHP04307,LIFTGATE,95.0,2025-06-14
AUTH00719,SHP04310,DETENTION,150.0,2025-06-15
AUTH00720,SHP04323,LIFTGATE,95.0,2025-06-19
AUTH00721,SHP04327,LIFTGATE,95.0,2025-06-17
AUTH00722,SHP04329,LIFTGATE,95.0,2025-06-16
AUTH00723,SHP04333,RESIDENTIAL,125.0,2025-06-17
AUTH00724,SHP04334,DETENTION,150.0,2025-06-16
AUTH00725,SHP04337,LIFTGATE,95.0,2025-06-15
AUTH00726,SHP04344,DETENTION,300.0,2025-06-17
AUTH00727,SHP04347,LIFTGATE,95.0,2025-06-17
AUTH00728,SHP04353,RESIDENTIAL,125.0,2025-06-17
AUTH00729,SHP04365,LIFTGATE,95.0,2025-06-16
AUTH00730,SHP04371,RESIDENTIAL,125.0,2025-06-17
AUTH00731,SHP04389,LIFTGATE,95.0,2025-06-19
AUTH00732,SHP04390,RESIDENTIAL,125.0,2025-06-18
AUTH00733,SHP04396,DETENTION,225.0,2025-06-19
AUTH00734,SHP04404,DETENTION,75.0,2025-06-20
AUTH00735,SHP04416,LIFTGATE,95.0,2025-06-17
AUTH00736,SHP04419,LIFTGATE,95.0,2025-06-19
AUTH00737,SHP04428,LIFTGATE,95.0,2025-06-18
AUTH00738,SHP04430,RESIDENTIAL,125.0,2025-06-21
AUTH00739,SHP04440,LIFTGATE,95.0,2025-06-19
AUTH00740,SHP04440,RESIDENTIAL,125.0,2025-06-18
AUTH00741,SHP04444,DETENTION,150.0,2025-06-19
AUTH00742,SHP04449,LIFTGATE,95.0,2025-06-18
AUTH00743,SHP04459,LIFTGATE,95.0,2025-06-19
AUTH00744,SHP04478,LIFTGATE,95.0,2025-06-23
AUTH00745,SHP04487,LIFTGATE,95.0,2025-06-21
AUTH00746,SHP04490,LIFTGATE,95.0,2025-06-22
AUTH00747,SHP04496,LIFTGATE,95.0,2025-06-26
AUTH00748,SHP04510,RESIDENTIAL,125.0,2025-06-23
AUTH00749,SHP04511,LIFTGATE,95.0,2025-06-23
AUTH00750,SHP04516,LIFTGATE,95.0,2025-06-21
AUTH00751,SHP04516,RESIDENTIAL,125.0,2025-06-21
AUTH00752,SHP04525,RESIDENTIAL,125.0,2025-06-21
AUTH00753,SHP04532,RESIDENTIAL,125.0,2025-06-22
AUTH00754,SHP04533,LIFTGATE,95.0,2025-06-22
AUTH00755,SHP04540,RESIDENTIAL,125.0,2025-06-28
AUTH00756,SHP04548,LIFTGATE,95.0,2025-06-24
AUTH00757,SHP04556,LIFTGATE,95.0,2025-06-22
AUTH00758,SHP04559,DETENTION,300.0,2025-06-22
AUTH00759,SHP04568,DETENTION,150.0,2025-06-23
AUTH00760,SHP04572,DETENTION,150.0,2025-06-23
AUTH00761,SHP04573,DETENTION,300.0,2025-06-23
AUTH00762,SHP04576,LIFTGATE,95.0,2025-06-24
AUTH00763,SHP04579,RESIDENTIAL,125.0,2025-06-23
AUTH00764,SHP04584,RESIDENTIAL,125.0,2025-06-25
AUTH00765,SHP04590,LIFTGATE,95.0,2025-06-24
AUTH00766,SHP04596,RESIDENTIAL,125.0,2025-06-26
AUTH00767,SHP04603,LIFTGATE,95.0,2025-06-26
AUTH00768,SHP04604,LIFTGATE,95.0,2025-06-26
AUTH00769,SHP04609,LIFTGATE,95.0,2025-06-24
AUTH00770,SHP04609,RESIDENTIAL,125.0,2025-06-25
AUTH00771,SHP04620,RESIDENTIAL,125.0,2025-06-27
AUTH00772,SHP04624,DETENTION,300.0,2025-06-25
AUTH00773,SHP04629,LIFTGATE,95.0,2025-06-27
AUTH00774,SHP04633,LIFTGATE,95.0,2025-06-27
AUTH00775,SHP04634,LIFTGATE,95.0,2025-06-25
AUTH00776,SHP04636,RESIDENTIAL,125.0,2025-06-27
AUTH00777,SHP04658,LIFTGATE,95.0,2025-06-28
AUTH00778,SHP04665,LIFTGATE,95.0,2025-06-28
AUTH00779,SHP04673,LIFTGATE,95.0,2025-06-26
AUTH00780,SHP04674,RESIDENTIAL,125.0,2025-06-26
AUTH00781,SHP04676,DETENTION,300.0,2025-06-27
AUTH00782,SHP04680,DETENTION,150.0,2025-06-26
AUTH00783,SHP04682,RESIDENTIAL,125.0,2025-06-28
AUTH00784,SHP04687,RESIDENTIAL,125.0,2025-06-29
AUTH00785,SHP04701,RESIDENTIAL,125.0,2025-06-27
AUTH00786,SHP04723,RESIDENTIAL,125.0,2025-07-01
AUTH00787,SHP04724,LIFTGATE,95.0,2025-06-30
AUTH00788,SHP04732,LIFTGATE,95.0,2025-06-28
AUTH00789,SHP04737,LIFTGATE,95.0,2025-07-03
AUTH00790,SHP04737,RESIDENTIAL,125.0,2025-06-28
AUTH00791,SHP04740,LIFTGATE,95.0,2025-07-02
AUTH00792,SHP04751,RESIDENTIAL,125.0,2025-06-30
AUTH00793,SHP04765,RESIDENTIAL,125.0,2025-06-30
AUTH00794,SHP04779,LIFTGATE,95.0,2025-06-30
AUTH00795,SHP04779,RESIDENTIAL,125.0,2025-06-30
AUTH00796,SHP04780,LIFTGATE,95.0,2025-06-30
AUTH00797,SHP04796,LIFTGATE,95.0,2025-06-30
AUTH00798,SHP04803,RESIDENTIAL,125.0,2025-07-01
AUTH00799,SHP04806,RESIDENTIAL,125.0,2025-07-05
AUTH00800,SHP04820,LIFTGATE,95.0,2025-07-02
AUTH00801,SHP04823,LIFTGATE,95.0,2025-07-04
AUTH00802,SHP04826,LIFTGATE,95.0,2025-07-01
AUTH00803,SHP04828,LIFTGATE,95.0,2025-07-02
AUTH00804,SHP04832,RESIDENTIAL,125.0,2025-07-04
AUTH00805,SHP04834,LIFTGATE,95.0,2025-07-04
AUTH00806,SHP04835,RESIDENTIAL,125.0,2025-07-03
AUTH00807,SHP04840,LIFTGATE,95.0,2025-07-03
AUTH00808,SHP04856,LIFTGATE,95.0,2025-07-03
AUTH00809,SHP04857,RESIDENTIAL,125.0,2025-07-04
AUTH00810,SHP04858,RESIDENTIAL,125.0,2025-07-04
AUTH00811,SHP04871,LIFTGATE,95.0,2025-07-05
AUTH00812,SHP04885,LIFTGATE,95.0,2025-07-03
AUTH00813,SHP04904,LIFTGATE,95.0,2025-07-05
AUTH00814,SHP04906,LIFTGATE,95.0,2025-07-06
AUTH00815,SHP04915,RESIDENTIAL,125.0,2025-07-04
AUTH00816,SHP04916,RESIDENTIAL,125.0,2025-07-04
AUTH00817,SHP04924,RESIDENTIAL,125.0,2025-07-07
AUTH00818,SHP04935,RESIDENTIAL,125.0,2025-07-06
AUTH00819,SHP04936,LIFTGATE,95.0,2025-07-05
AUTH00820,SHP04938,RESIDENTIAL,125.0,2025-07-06
AUTH00821,SHP04957,LIFTGATE,95.0,2025-07-08
AUTH00822,SHP04963,LIFTGATE,95.0,2025-07-07
AUTH00823,SHP04965,RESIDENTIAL,125.0,2025-07-06
AUTH00824,SHP04976,RESIDENTIAL,125.0,2025-07-06
AUTH00825,SHP04980,LIFTGATE,95.0,2025-07-07
AUTH00826,SHP04985,LIFTGATE,95.0,2025-07-06
AUTH00827,SHP04994,DETENTION,75.0,2025-07-07
AUTH00828,SHP05010,DETENTION,225.0,2025-07-07
AUTH00829,SHP05024,LIFTGATE,95.0,2025-07-08
AUTH00830,SHP05026,RESIDENTIAL,125.0,2025-07-10
AUTH00831,SHP05036,RESIDENTIAL,125.0,2025-07-09
AUTH00832,SHP05047,DETENTION,225.0,2025-07-11
AUTH00833,SHP05048,LIFTGATE,95.0,2025-07-10
AUTH00834,SHP05063,LIFTGATE,95.0,2025-07-13
AUTH00835,SHP05077,RESIDENTIAL,125.0,2025-07-11
AUTH00836,SHP05098,LIFTGATE,95.0,2025-07-11
AUTH00837,SHP05117,LIFTGATE,95.0,2025-07-11
AUTH00838,SHP05118,LIFTGATE,95.0,2025-07-15
AUTH00839,SHP05123,LIFTGATE,95.0,2025-07-14
AUTH00840,SHP05125,LIFTGATE,95.0,2025-07-11
AUTH00841,SHP05141,LIFTGATE,95.0,2025-07-18
AUTH00842,SHP05151,RESIDENTIAL,125.0,2025-07-18
AUTH00843,SHP05155,LIFTGATE,95.0,2025-07-15
AUTH00844,SHP05155,RESIDENTIAL,125.0,2025-07-13
AUTH00845,SHP05159,RESIDENTIAL,125.0,2025-07-16
AUTH00846,SHP05162,LIFTGATE,95.0,2025-07-13
AUTH00847,SHP05171,LIFTGATE,95.0,2025-07-13
AUTH00848,SHP05197,LIFTGATE,95.0,2025-07-17
AUTH00849,SHP05198,RESIDENTIAL,125.0,2025-07-16
AUTH00850,SHP05199,LIFTGATE,95.0,2025-07-15
AUTH00851,SHP05201,LIFTGATE,95.0,2025-07-16
AUTH00852,SHP05215,RESIDENTIAL,125.0,2025-07-15
AUTH00853,SHP05226,RESIDENTIAL,125.0,2025-07-17
AUTH00854,SHP05230,LIFTGATE,95.0,2025-07-16
AUTH00855,SHP05248,LIFTGATE,95.0,2025-07-18
AUTH00856,SHP05253,LIFTGATE,95.0,2025-07-17
AUTH00857,SHP05266,LIFTGATE,95.0,2025-07-20
AUTH00858,SHP05277,LIFTGATE,95.0,2025-07-23
AUTH00859,SHP05282,LIFTGATE,95.0,2025-07-20
AUTH00860,SHP05284,DETENTION,300.0,2025-07-21
AUTH00861,SHP05286,RESIDENTIAL,125.0,2025-07-20
AUTH00862,SHP05290,RESIDENTIAL,125.0,2025-07-21
AUTH00863,SHP05308,LIFTGATE,95.0,2025-07-23
AUTH00864,SHP05309,DETENTION,300.0,2025-07-23
AUTH00865,SHP05325,LIFTGATE,95.0,2025-07-21
AUTH00866,SHP05334,LIFTGATE,95.0,2025-07-24
AUTH00867,SHP05335,LIFTGATE,95.0,2025-07-22
AUTH00868,SHP05337,LIFTGATE,95.0,2025-07-21
AUTH00869,SHP05339,LIFTGATE,95.0,2025-07-24
AUTH00870,SHP05345,RESIDENTIAL,125.0,2025-07-22
AUTH00871,SHP05359,RESIDENTIAL,125.0,2025-07-22
AUTH00872,SHP05371,DETENTION,225.0,2025-07-23
AUTH00873,SHP05379,RESIDENTIAL,125.0,2025-07-22
AUTH00874,SHP05390,LIFTGATE,95.0,2025-07-27
AUTH00875,SHP05390,RESIDENTIAL,125.0,2025-07-30
AUTH00876,SHP05391,LIFTGATE,95.0,2025-07-26
AUTH00877,SHP05396,LIFTGATE,95.0,2025-07-25
AUTH00878,SHP05403,RESIDENTIAL,125.0,2025-07-25
AUTH00879,SHP05409,LIFTGATE,95.0,2025-07-24
AUTH00880,SHP05410,DETENTION,150.0,2025-07-24
AUTH00881,SHP05412,DETENTION,225.0,2025-07-27
AUTH00882,SHP05419,DETENTION,75.0,2025-07-25
AUTH00883,SHP05424,DETENTION,75.0,2025-07-24
AUTH00884,SHP05427,LIFTGATE,95.0,2025-07-24
AUTH00885,SHP05434,LIFTGATE,95.0,2025-07-26
AUTH00886,SHP05436,LIFTGATE,95.0,2025-07-26
AUTH00887,SHP05437,LIFTGATE,95.0,2025-07-25
AUTH00888,SHP05443,LIFTGATE,95.0,2025-07-27
AUTH00889,SHP05445,LIFTGATE,95.0,2025-07-25
AUTH00890,SHP05449,RESIDENTIAL,125.0,2025-07-27
AUTH00891,SHP05464,DETENTION,150.0,2025-07-25
AUTH00892,SHP05475,LIFTGATE,95.0,2025-07-28
AUTH00893,SHP05485,DETENTION,300.0,2025-07-30
AUTH00894,SHP05486,LIFTGATE,95.0,2025-07-27
AUTH00895,SHP05493,LIFTGATE,95.0,2025-07-30
AUTH00896,SHP05493,RESIDENTIAL,125.0,2025-07-28
AUTH00897,SHP05500,RESIDENTIAL,125.0,2025-07-28
AUTH00898,SHP05502,LIFTGATE,95.0,2025-07-27
AUTH00899,SHP05505,DETENTION,150.0,2025-07-28
AUTH00900,SHP05519,LIFTGATE,95.0,2025-07-29
AUTH00901,SHP05521,DETENTION,225.0,2025-07-30
AUTH00902,SHP05524,LIFTGATE,95.0,2025-08-02
AUTH00903,SHP05525,LIFTGATE,95.0,2025-07-28
AUTH00904,SHP05527,DETENTION,300.0,2025-07-31
AUTH00905,SHP05533,LIFTGATE,95.0,2025-07-30
AUTH00906,SHP05534,LIFTGATE,95.0,2025-08-02
AUTH00907,SHP05544,DETENTION,300.0,2025-07-30
AUTH00908,SHP05548,LIFTGATE,95.0,2025-07-29
AUTH00909,SHP05556,DETENTION,225.0,2025-07-30
AUTH00910,SHP05561,LIFTGATE,95.0,2025-08-01
AUTH00911,SHP05563,DETENTION,300.0,2025-07-30
AUTH00912,SHP05571,LIFTGATE,95.0,2025-07-31
AUTH00913,SHP05573,LIFTGATE,95.0,2025-08-01
AUTH00914,SHP05577,LIFTGATE,95.0,2025-08-01
AUTH00915,SHP05579,DETENTION,225.0,2025-08-01
AUTH00916,SHP05584,LIFTGATE,95.0,2025-08-02
AUTH00917,SHP05589,LIFTGATE,95.0,2025-08-01
AUTH00918,SHP05594,RESIDENTIAL,125.0,2025-08-03
AUTH00919,SHP05602,RESIDENTIAL,125.0,2025-08-01
AUTH00920,SHP05607,DETENTION,150.0,2025-08-04
AUTH00921,SHP05611,LIFTGATE,95.0,2025-08-01
AUTH00922,SHP05612,RESIDENTIAL,125.0,2025-08-04
AUTH00923,SHP05643,LIFTGATE,95.0,2025-08-05
AUTH00924,SHP05646,DETENTION,150.0,2025-08-03
AUTH00925,SHP05653,RESIDENTIAL,125.0,2025-08-07
AUTH00926,SHP05660,LIFTGATE,95.0,2025-08-04
AUTH00927,SHP05675,DETENTION,150.0,2025-08-04
AUTH00928,SHP05682,LIFTGATE,95.0,2025-08-04
AUTH00929,SHP05689,LIFTGATE,95.0,2025-08-04
AUTH00930,SHP05700,RESIDENTIAL,125.0,2025-08-05
AUTH00931,SHP05705,DETENTION,300.0,2025-08-06
AUTH00932,SHP05707,RESIDENTIAL,125.0,2025-08-06
AUTH00933,SHP05708,LIFTGATE,95.0,2025-08-05
AUTH00934,SHP05710,LIFTGATE,95.0,2025-08-07
AUTH00935,SHP05713,RESIDENTIAL,125.0,2025-08-05
AUTH00936,SHP05715,DETENTION,225.0,2025-08-06
AUTH00937,SHP05719,LIFTGATE,95.0,2025-08-06
AUTH00938,SHP05720,LIFTGATE,95.0,2025-08-07
AUTH00939,SHP05725,DETENTION,225.0,2025-08-05
AUTH00940,SHP05727,LIFTGATE,95.0,2025-08-08
AUTH00941,SHP05730,LIFTGATE,95.0,2025-08-06
AUTH00942,SHP05731,RESIDENTIAL,125.0,2025-08-07
AUTH00943,SHP05733,LIFTGATE,95.0,2025-08-06
AUTH00944,SHP05735,LIFTGATE,95.0,2025-08-09
AUTH00945,SHP05739,DETENTION,75.0,2025-08-06
AUTH00946,SHP05741,RESIDENTIAL,125.0,2025-08-08
AUTH00947,SHP05761,LIFTGATE,95.0,2025-08-07
AUTH00948,SHP05763,LIFTGATE,95.0,2025-08-08
AUTH00949,SHP05782,LIFTGATE,95.0,2025-08-10
AUTH00950,SHP05794,RESIDENTIAL,125.0,2025-08-11
AUTH00951,SHP05796,LIFTGATE,95.0,2025-08-12
AUTH00952,SHP05803,LIFTGATE,95.0,2025-08-14
AUTH00953,SHP05806,LIFTGATE,95.0,2025-08-13
AUTH00954,SHP05809,LIFTGATE,95.0,2025-08-11
AUTH00955,SHP05815,LIFTGATE,95.0,2025-08-11
AUTH00956,SHP05818,RESIDENTIAL,125.0,2025-08-10
AUTH00957,SHP05821,RESIDENTIAL,125.0,2025-08-09
AUTH00958,SHP05829,DETENTION,225.0,2025-08-12
AUTH00959,SHP05830,RESIDENTIAL,125.0,2025-08-12
AUTH00960,SHP05841,LIFTGATE,95.0,2025-08-16
AUTH00961,SHP05852,RESIDENTIAL,125.0,2025-08-12
AUTH00962,SHP05853,LIFTGATE,95.0,2025-08-13
AUTH00963,SHP05854,LIFTGATE,95.0,2025-08-11
AUTH00964,SHP05857,LIFTGATE,95.0,2025-08-11
AUTH00965,SHP05857,RESIDENTIAL,125.0,2025-08-15
AUTH00966,SHP05859,DETENTION,150.0,2025-08-12
AUTH00967,SHP05865,RESIDENTIAL,125.0,2025-08-14
AUTH00968,SHP05876,LIFTGATE,95.0,2025-08-12
AUTH00969,SHP05888,RESIDENTIAL,125.0,2025-08-11
AUTH00970,SHP05891,LIFTGATE,95.0,2025-08-14
AUTH00971,SHP05891,RESIDENTIAL,125.0,2025-08-12
AUTH00972,SHP05895,RESIDENTIAL,125.0,2025-08-14
AUTH00973,SHP05896,LIFTGATE,95.0,2025-08-13
AUTH00974,SHP05902,LIFTGATE,95.0,2025-08-13
AUTH00975,SHP05902,RESIDENTIAL,125.0,2025-08-14
AUTH00976,SHP05904,RESIDENTIAL,125.0,2025-08-13
AUTH00977,SHP05913,RESIDENTIAL,125.0,2025-08-16
AUTH00978,SHP05919,LIFTGATE,95.0,2025-08-15
AUTH00979,SHP05926,DETENTION,300.0,2025-08-14
AUTH00980,SHP05929,DETENTION,300.0,2025-08-13
AUTH00981,SHP05936,RESIDENTIAL,125.0,2025-08-16
AUTH00982,SHP05944,RESIDENTIAL,125.0,2025-08-14
AUTH00983,SHP05945,LIFTGATE,95.0,2025-08-15
AUTH00984,SHP05951,LIFTGATE,95.0,2025-08-14
AUTH00985,SHP05956,LIFTGATE,95.0,2025-08-17
AUTH00986,SHP05956,RESIDENTIAL,125.0,2025-08-16
AUTH00987,SHP05959,DETENTION,150.0,2025-08-15
AUTH00988,SHP05975,RESIDENTIAL,125.0,2025-08-16
AUTH00989,SHP05990,RESIDENTIAL,125.0,2025-08-16
AUTH00990,SHP05997,RESIDENTIAL,125.0,2025-08-17
AUTH00991,SHP06000,RESIDENTIAL,125.0,2025-08-18
AUTH00992,SHP06005,RESIDENTIAL,125.0,2025-08-18
AUTH00993,SHP06014,LIFTGATE,95.0,2025-08-18
AUTH00994,SHP06027,LIFTGATE,95.0,2025-08-17
AUTH00995,SHP06028,LIFTGATE,95.0,2025-08-20
AUTH00996,SHP06030,LIFTGATE,95.0,2025-08-17
AUTH00997,SHP06033,LIFTGATE,95.0,2025-08-18
AUTH00998,SHP06034,LIFTGATE,95.0,2025-08-19
AUTH00999,SHP06047,RESIDENTIAL,125.0,2025-08-17
AUTH01000,SHP06052,LIFTGATE,95.0,2025-08-22
AUTH01001,SHP06052,RESIDENTIAL,125.0,2025-08-18
AUTH01002,SHP06058,LIFTGATE,95.0,2025-08-19
AUTH01003,SHP06077,RESIDENTIAL,125.0,2025-08-18
AUTH01004,SHP06084,RESIDENTIAL,125.0,2025-08-21
AUTH01005,SHP06086,LIFTGATE,95.0,2025-08-22
AUTH01006,SHP06087,LIFTGATE,95.0,2025-08-19
AUTH01007,SHP06088,RESIDENTIAL,125.0,2025-08-19
AUTH01008,SHP06091,RESIDENTIAL,125.0,2025-08-21
AUTH01009,SHP06112,RESIDENTIAL,125.0,2025-08-20
AUTH01010,SHP06114,LIFTGATE,95.0,2025-08-23
AUTH01011,SHP06118,LIFTGATE,95.0,2025-08-20
AUTH01012,SHP06118,RESIDENTIAL,125.0,2025-08-24
AUTH01013,SHP06119,RESIDENTIAL,125.0,2025-08-21
AUTH01014,SHP06128,DETENTION,75.0,2025-08-22
AUTH01015,SHP06133,LIFTGATE,95.0,2025-08-22
AUTH01016,SHP06144,LIFTGATE,95.0,2025-08-22
AUTH01017,SHP06161,LIFTGATE,95.0,2025-08-23
AUTH01018,SHP06163,RESIDENTIAL,125.0,2025-08-23
AUTH01019,SHP06170,RESIDENTIAL,125.0,2025-08-24
AUTH01020,SHP06174,LIFTGATE,95.0,2025-08-24
AUTH01021,SHP06177,LIFTGATE,95.0,2025-08-24
AUTH01022,SHP06183,LIFTGATE,95.0,2025-08-26
AUTH01023,SHP06188,LIFTGATE,95.0,2025-08-23
AUTH01024,SHP06189,LIFTGATE,95.0,2025-08-24
AUTH01025,SHP06201,DETENTION,150.0,2025-08-25
AUTH01026,SHP06202,LIFTGATE,95.0,2025-08-24
AUTH01027,SHP06203,RESIDENTIAL,125.0,2025-08-27
AUTH01028,SHP06210,LIFTGATE,95.0,2025-08-28
AUTH01029,SHP06210,RESIDENTIAL,125.0,2025-08-28
AUTH01030,SHP06224,DETENTION,150.0,2025-08-25
AUTH01031,SHP06232,LIFTGATE,95.0,2025-08-26
AUTH01032,SHP06239,DETENTION,225.0,2025-08-29
AUTH01033,SHP06242,LIFTGATE,95.0,2025-08-31
AUTH01034,SHP06244,LIFTGATE,95.0,2025-08-28
AUTH01035,SHP06259,DETENTION,75.0,2025-08-28
AUTH01036,SHP06261,DETENTION,225.0,2025-08-28
AUTH01037,SHP06264,LIFTGATE,95.0,2025-08-29
AUTH01038,SHP06274,RESIDENTIAL,125.0,2025-08-26
AUTH01039,SHP06281,RESIDENTIAL,125.0,2025-08-29
AUTH01040,SHP06289,DETENTION,225.0,2025-08-28
AUTH01041,SHP06303,RESIDENTIAL,125.0,2025-08-29
AUTH01042,SHP06311,LIFTGATE,95.0,2025-08-29
AUTH01043,SHP06316,RESIDENTIAL,125.0,2025-08-28
AUTH01044,SHP06322,RESIDENTIAL,125.0,2025-08-29
AUTH01045,SHP06331,LIFTGATE,95.0,2025-08-30
AUTH01046,SHP06332,RESIDENTIAL,125.0,2025-08-29
AUTH01047,SHP06333,LIFTGATE,95.0,2025-08-30
AUTH01048,SHP06334,LIFTGATE,95.0,2025-08-29
AUTH01049,SHP06346,RESIDENTIAL,125.0,2025-08-30
AUTH01050,SHP06347,RESIDENTIAL,125.0,2025-08-30
AUTH01051,SHP06352,LIFTGATE,95.0,2025-08-31
AUTH01052,SHP06357,LIFTGATE,95.0,2025-08-31
AUTH01053,SHP06362,RESIDENTIAL,125.0,2025-08-31
AUTH01054,SHP06370,RESIDENTIAL,125.0,2025-09-02
AUTH01055,SHP06376,LIFTGATE,95.0,2025-08-30
AUTH01056,SHP06377,LIFTGATE,95.0,2025-09-02
AUTH01057,SHP06378,LIFTGATE,95.0,2025-09-02
AUTH01058,SHP06385,RESIDENTIAL,125.0,2025-09-01
AUTH01059,SHP06386,LIFTGATE,95.0,2025-09-01
AUTH01060,SHP06390,RESIDENTIAL,125.0,2025-09-02
AUTH01061,SHP06395,LIFTGATE,95.0,2025-09-01
AUTH01062,SHP06397,RESIDENTIAL,125.0,2025-09-01
AUTH01063,SHP06413,DETENTION,150.0,2025-09-02
AUTH01064,SHP06419,LIFTGATE,95.0,2025-09-04
AUTH01065,SHP06422,LIFTGATE,95.0,2025-09-04
AUTH01066,SHP06427,DETENTION,150.0,2025-09-02
AUTH01067,SHP06431,LIFTGATE,95.0,2025-09-03
AUTH01068,SHP06451,RESIDENTIAL,125.0,2025-09-02
AUTH01069,SHP06453,DETENTION,150.0,2025-09-06
AUTH01070,SHP06461,LIFTGATE,95.0,2025-09-04
AUTH01071,SHP06463,RESIDENTIAL,125.0,2025-09-05
AUTH01072,SHP06472,LIFTGATE,95.0,2025-09-04
AUTH01073,SHP06478,LIFTGATE,95.0,2025-09-05
AUTH01074,SHP06491,DETENTION,75.0,2025-09-05
AUTH01075,SHP06495,RESIDENTIAL,125.0,2025-09-05
AUTH01076,SHP06497,RESIDENTIAL,125.0,2025-09-09
AUTH01077,SHP06499,RESIDENTIAL,125.0,2025-09-05
AUTH01078,SHP06502,LIFTGATE,95.0,2025-09-07
AUTH01079,SHP06506,RESIDENTIAL,125.0,2025-09-06
AUTH01080,SHP06508,LIFTGATE,95.0,2025-09-07
AUTH01081,SHP06509,RESIDENTIAL,125.0,2025-09-04
AUTH01082,SHP06512,LIFTGATE,95.0,2025-09-07
AUTH01083,SHP06516,LIFTGATE,95.0,2025-09-07
AUTH01084,SHP06521,LIFTGATE,95.0,2025-09-06
AUTH01085,SHP06527,LIFTGATE,95.0,2025-09-05
AUTH01086,SHP06536,DETENTION,225.0,2025-09-07
AUTH01087,SHP06540,LIFTGATE,95.0,2025-09-05
AUTH01088,SHP06542,DETENTION,75.0,2025-09-05
AUTH01089,SHP06549,LIFTGATE,95.0,2025-09-05
AUTH01090,SHP06553,LIFTGATE,95.0,2025-09-06
AUTH01091,SHP06563,RESIDENTIAL,125.0,2025-09-07
AUTH01092,SHP06577,LIFTGATE,95.0,2025-09-06
AUTH01093,SHP06592,RESIDENTIAL,125.0,2025-09-10
AUTH01094,SHP06596,RESIDENTIAL,125.0,2025-09-08
AUTH01095,SHP06617,LIFTGATE,95.0,2025-09-08
AUTH01096,SHP06617,RESIDENTIAL,125.0,2025-09-09
AUTH01097,SHP06623,DETENTION,225.0,2025-09-08
AUTH01098,SHP06633,LIFTGATE,95.0,2025-09-11
AUTH01099,SHP06643,RESIDENTIAL,125.0,2025-09-13
AUTH01100,SHP06646,RESIDENTIAL,125.0,2025-09-10
AUTH01101,SHP06648,LIFTGATE,95.0,2025-09-12
AUTH01102,SHP06649,LIFTGATE,95.0,2025-09-10
AUTH01103,SHP06652,LIFTGATE,95.0,2025-09-10
AUTH01104,SHP06655,LIFTGATE,95.0,2025-09-12
AUTH01105,SHP06660,LIFTGATE,95.0,2025-09-11
AUTH01106,SHP06665,LIFTGATE,95.0,2025-09-13
AUTH01107,SHP06668,LIFTGATE,95.0,2025-09-12
AUTH01108,SHP06687,LIFTGATE,95.0,2025-09-13
AUTH01109,SHP06691,LIFTGATE,95.0,2025-09-13
AUTH01110,SHP06696,RESIDENTIAL,125.0,2025-09-11
AUTH01111,SHP06697,RESIDENTIAL,125.0,2025-09-10
AUTH01112,SHP06699,RESIDENTIAL,125.0,2025-09-12
AUTH01113,SHP06705,DETENTION,150.0,2025-09-12
AUTH01114,SHP06726,LIFTGATE,95.0,2025-09-12
AUTH01115,SHP06730,LIFTGATE,95.0,2025-09-14
AUTH01116,SHP06734,LIFTGATE,95.0,2025-09-12
AUTH01117,SHP06735,LIFTGATE,95.0,2025-09-12
AUTH01118,SHP06738,RESIDENTIAL,125.0,2025-09-13
AUTH01119,SHP06742,LIFTGATE,95.0,2025-09-12
AUTH01120,SHP06755,LIFTGATE,95.0,2025-09-14
AUTH01121,SHP06755,RESIDENTIAL,125.0,2025-09-18
AUTH01122,SHP06757,LIFTGATE,95.0,2025-09-13
AUTH01123,SHP06759,LIFTGATE,95.0,2025-09-13
AUTH01124,SHP06763,LIFTGATE,95.0,2025-09-14
AUTH01125,SHP06770,RESIDENTIAL,125.0,2025-09-13
AUTH01126,SHP06778,DETENTION,75.0,2025-09-15
AUTH01127,SHP06779,LIFTGATE,95.0,2025-09-14
AUTH01128,SHP06790,LIFTGATE,95.0,2025-09-13
AUTH01129,SHP06799,DETENTION,225.0,2025-09-14
AUTH01130,SHP06800,DETENTION,300.0,2025-09-15
AUTH01131,SHP06811,LIFTGATE,95.0,2025-09-16
AUTH01132,SHP06815,LIFTGATE,95.0,2025-09-16
AUTH01133,SHP06819,RESIDENTIAL,125.0,2025-09-14
AUTH01134,SHP06839,LIFTGATE,95.0,2025-09-17
AUTH01135,SHP06844,LIFTGATE,95.0,2025-09-18
AUTH01136,SHP06853,LIFTGATE,95.0,2025-09-20
AUTH01137,SHP06855,RESIDENTIAL,125.0,2025-09-17
AUTH01138,SHP06859,LIFTGATE,95.0,2025-09-16
AUTH01139,SHP06862,LIFTGATE,95.0,2025-09-18
AUTH01140,SHP06869,LIFTGATE,95.0,2025-09-19
AUTH01141,SHP06880,LIFTGATE,95.0,2025-09-19
AUTH01142,SHP06881,RESIDENTIAL,125.0,2025-09-17
AUTH01143,SHP06883,RESIDENTIAL,125.0,2025-09-17
AUTH01144,SHP06886,LIFTGATE,95.0,2025-09-21
AUTH01145,SHP06888,LIFTGATE,95.0,2025-09-16
AUTH01146,SHP06893,LIFTGATE,95.0,2025-09-17
AUTH01147,SHP06894,LIFTGATE,95.0,2025-09-17
AUTH01148,SHP06909,DETENTION,225.0,2025-09-17
AUTH01149,SHP06915,LIFTGATE,95.0,2025-09-18
AUTH01150,SHP06919,RESIDENTIAL,125.0,2025-09-18
AUTH01151,SHP06922,RESIDENTIAL,125.0,2025-09-19
AUTH01152,SHP06926,RESIDENTIAL,125.0,2025-09-18
AUTH01153,SHP06927,RESIDENTIAL,125.0,2025-09-18
AUTH01154,SHP06932,RESIDENTIAL,125.0,2025-09-17
AUTH01155,SHP06944,LIFTGATE,95.0,2025-09-20
AUTH01156,SHP06944,RESIDENTIAL,125.0,2025-09-20
AUTH01157,SHP06948,LIFTGATE,95.0,2025-09-20
AUTH01158,SHP06951,LIFTGATE,95.0,2025-09-19
AUTH01159,SHP06952,LIFTGATE,95.0,2025-09-20
AUTH01160,SHP06953,LIFTGATE,95.0,2025-09-18
AUTH01161,SHP06954,LIFTGATE,95.0,2025-09-18
AUTH01162,SHP06955,LIFTGATE,95.0,2025-09-19
AUTH01163,SHP06958,LIFTGATE,95.0,2025-09-20
AUTH01164,SHP06961,DETENTION,75.0,2025-09-21
AUTH01165,SHP06965,RESIDENTIAL,125.0,2025-09-20
AUTH01166,SHP06973,LIFTGATE,95.0,2025-09-21
AUTH01167,SHP06975,LIFTGATE,95.0,2025-09-21
AUTH01168,SHP06979,RESIDENTIAL,125.0,2025-09-24
AUTH01169,SHP06980,RESIDENTIAL,125.0,2025-09-23
AUTH01170,SHP06981,LIFTGATE,95.0,2025-09-19
AUTH01171,SHP06981,RESIDENTIAL,125.0,2025-09-21
AUTH01172,SHP06984,LIFTGATE,95.0,2025-09-19
AUTH01173,SHP06989,LIFTGATE,95.0,2025-09-24
AUTH01174,SHP06990,RESIDENTIAL,125.0,2025-09-21
AUTH01175,SHP06992,RESIDENTIAL,125.0,2025-09-21
AUTH01176,SHP06993,LIFTGATE,95.0,2025-09-23
AUTH01177,SHP06996,LIFTGATE,95.0,2025-09-20
AUTH01178,SHP06997,LIFTGATE,95.0,2025-09-23
AUTH01179,SHP06998,LIFTGATE,95.0,2025-09-22
AUTH01180,SHP07001,LIFTGATE,95.0,2025-09-26
AUTH01181,SHP07003,RESIDENTIAL,125.0,2025-09-23
AUTH01182,SHP07024,LIFTGATE,95.0,2025-09-22
AUTH01183,SHP07031,LIFTGATE,95.0,2025-09-21
AUTH01184,SHP07040,RESIDENTIAL,125.0,2025-09-26
AUTH01185,SHP07045,LIFTGATE,95.0,2025-09-23
AUTH01186,SHP07051,LIFTGATE,95.0,2025-09-21
AUTH01187,SHP07051,RESIDENTIAL,125.0,2025-09-21
AUTH01188,SHP07053,LIFTGATE,95.0,2025-09-23
AUTH01189,SHP07054,LIFTGATE,95.0,2025-09-24
AUTH01190,SHP07058,LIFTGATE,95.0,2025-09-22
AUTH01191,SHP07061,LIFTGATE,95.0,2025-09-23
AUTH01192,SHP07063,LIFTGATE,95.0,2025-09-23
AUTH01193,SHP07064,LIFTGATE,95.0,2025-09-25
AUTH01194,SHP07069,LIFTGATE,95.0,2025-09-22
AUTH01195,SHP07079,LIFTGATE,95.0,2025-09-24
AUTH01196,SHP07082,LIFTGATE,95.0,2025-09-23
AUTH01197,SHP07088,LIFTGATE,95.0,2025-09-26
AUTH01198,SHP07089,LIFTGATE,95.0,2025-09-24
AUTH01199,SHP07091,LIFTGATE,95.0,2025-09-26
AUTH01200,SHP07092,LIFTGATE,95.0,2025-09-25
AUTH01201,SHP07099,DETENTION,75.0,2025-09-24
AUTH01202,SHP07103,RESIDENTIAL,125.0,2025-09-25
AUTH01203,SHP07109,LIFTGATE,95.0,2025-09-23
AUTH01204,SHP07112,LIFTGATE,95.0,2025-09-28
AUTH01205,SHP07113,RESIDENTIAL,125.0,2025-09-25
AUTH01206,SHP07114,LIFTGATE,95.0,2025-09-25
AUTH01207,SHP07119,LIFTGATE,95.0,2025-09-26
AUTH01208,SHP07119,RESIDENTIAL,125.0,2025-09-24
AUTH01209,SHP07125,LIFTGATE,95.0,2025-09-24
AUTH01210,SHP07127,LIFTGATE,95.0,2025-09-26
AUTH01211,SHP07129,RESIDENTIAL,125.0,2025-09-25
AUTH01212,SHP07132,LIFTGATE,95.0,2025-09-28
AUTH01213,SHP07135,LIFTGATE,95.0,2025-09-25
AUTH01214,SHP07145,LIFTGATE,95.0,2025-09-25
AUTH01215,SHP07145,RESIDENTIAL,125.0,2025-09-25
AUTH01216,SHP07150,LIFTGATE,95.0,2025-09-27
AUTH01217,SHP07155,RESIDENTIAL,125.0,2025-09-26
AUTH01218,SHP07156,LIFTGATE,95.0,2025-09-25
AUTH01219,SHP07159,DETENTION,300.0,2025-09-27
AUTH01220,SHP07164,RESIDENTIAL,125.0,2025-09-25
AUTH01221,SHP07174,LIFTGATE,95.0,2025-09-27
AUTH01222,SHP07182,LIFTGATE,95.0,2025-09-27
AUTH01223,SHP07185,LIFTGATE,95.0,2025-09-26
AUTH01224,SHP07193,RESIDENTIAL,125.0,2025-10-01
AUTH01225,SHP07195,LIFTGATE,95.0,2025-09-26
AUTH01226,SHP07200,LIFTGATE,95.0,2025-09-27
AUTH01227,SHP07200,RESIDENTIAL,125.0,2025-09-27
AUTH01228,SHP07205,LIFTGATE,95.0,2025-09-29
AUTH01229,SHP07208,LIFTGATE,95.0,2025-10-03
AUTH01230,SHP07213,RESIDENTIAL,125.0,2025-09-28
AUTH01231,SHP07226,RESIDENTIAL,125.0,2025-09-29
AUTH01232,SHP07229,DETENTION,300.0,2025-09-29
AUTH01233,SHP07231,LIFTGATE,95.0,2025-10-04
AUTH01234,SHP07231,RESIDENTIAL,125.0,2025-10-04
AUTH01235,SHP07238,RESIDENTIAL,125.0,2025-09-30
AUTH01236,SHP07240,LIFTGATE,95.0,2025-10-01
AUTH01237,SHP07247,LIFTGATE,95.0,2025-09-30
AUTH01238,SHP07255,DETENTION,225.0,2025-09-29
AUTH01239,SHP07259,LIFTGATE,95.0,2025-09-30
AUTH01240,SHP07263,LIFTGATE,95.0,2025-10-04
AUTH01241,SHP07273,LIFTGATE,95.0,2025-09-29
AUTH01242,SHP07274,LIFTGATE,95.0,2025-09-29
AUTH01243,SHP07277,LIFTGATE,95.0,2025-10-02
AUTH01244,SHP07277,RESIDENTIAL,125.0,2025-09-29
AUTH01245,SHP07288,LIFTGATE,95.0,2025-10-01
AUTH01246,SHP07294,LIFTGATE,95.0,2025-09-30
AUTH01247,SHP07303,LIFTGATE,95.0,2025-10-06
AUTH01248,SHP07307,RESIDENTIAL,125.0,2025-10-04
AUTH01249,SHP07315,LIFTGATE,95.0,2025-10-01
AUTH01250,SHP07315,RESIDENTIAL,125.0,2025-10-03
AUTH01251,SHP07325,RESIDENTIAL,125.0,2025-10-03
AUTH01252,SHP07328,RESIDENTIAL,125.0,2025-10-02
AUTH01253,SHP07334,RESIDENTIAL,125.0,2025-10-02
AUTH01254,SHP07336,RESIDENTIAL,125.0,2025-10-03
AUTH01255,SHP07337,DETENTION,75.0,2025-10-02
AUTH01256,SHP07339,LIFTGATE,95.0,2025-10-02
AUTH01257,SHP07367,LIFTGATE,95.0,2025-10-05
AUTH01258,SHP07376,LIFTGATE,95.0,2025-10-04
AUTH01259,SHP07378,LIFTGATE,95.0,2025-10-03
AUTH01260,SHP07389,LIFTGATE,95.0,2025-10-05
AUTH01261,SHP07398,LIFTGATE,95.0,2025-10-07
AUTH01262,SHP07402,LIFTGATE,95.0,2025-10-06
AUTH01263,SHP07415,LIFTGATE,95.0,2025-10-06
AUTH01264,SHP07422,RESIDENTIAL,125.0,2025-10-11
AUTH01265,SHP07426,LIFTGATE,95.0,2025-10-06
AUTH01266,SHP07428,LIFTGATE,95.0,2025-10-11
AUTH01267,SHP07430,RESIDENTIAL,125.0,2025-10-09
AUTH01268,SHP07432,LIFTGATE,95.0,2025-10-08
AUTH01269,SHP07433,RESIDENTIAL,125.0,2025-10-07
AUTH01270,SHP07439,DETENTION,75.0,2025-10-06
AUTH01271,SHP07443,LIFTGATE,95.0,2025-10-07
AUTH01272,SHP07444,LIFTGATE,95.0,2025-10-08
AUTH01273,SHP07453,RESIDENTIAL,125.0,2025-10-09
AUTH01274,SHP07456,RESIDENTIAL,125.0,2025-10-10
AUTH01275,SHP07461,RESIDENTIAL,125.0,2025-10-10
AUTH01276,SHP07470,LIFTGATE,95.0,2025-10-09
AUTH01277,SHP07470,RESIDENTIAL,125.0,2025-10-08
AUTH01278,SHP07481,LIFTGATE,95.0,2025-10-11
AUTH01279,SHP07502,LIFTGATE,95.0,2025-10-11
AUTH01280,SHP07508,LIFTGATE,95.0,2025-10-10
AUTH01281,SHP07536,LIFTGATE,95.0,2025-10-09
AUTH01282,SHP07547,RESIDENTIAL,125.0,2025-10-12
AUTH01283,SHP07549,LIFTGATE,95.0,2025-10-10
AUTH01284,SHP07556,LIFTGATE,95.0,2025-10-10
AUTH01285,SHP07558,LIFTGATE,95.0,2025-10-12
AUTH01286,SHP07560,LIFTGATE,95.0,2025-10-10
AUTH01287,SHP07561,LIFTGATE,95.0,2025-10-14
AUTH01288,SHP07565,RESIDENTIAL,125.0,2025-10-11
AUTH01289,SHP07575,RESIDENTIAL,125.0,2025-10-10
AUTH01290,SHP07579,LIFTGATE,95.0,2025-10-11
AUTH01291,SHP07582,DETENTION,225.0,2025-10-13
AUTH01292,SHP07593,LIFTGATE,95.0,2025-10-13
AUTH01293,SHP07598,LIFTGATE,95.0,2025-10-13
AUTH01294,SHP07601,LIFTGATE,95.0,2025-10-11
AUTH01295,SHP07611,DETENTION,75.0,2025-10-15
AUTH01296,SHP07616,RESIDENTIAL,125.0,2025-10-13
AUTH01297,SHP07627,LIFTGATE,95.0,2025-10-13
AUTH01298,SHP07629,LIFTGATE,95.0,2025-10-15
AUTH01299,SHP07631,LIFTGATE,95.0,2025-10-14
AUTH01300,SHP07639,DETENTION,300.0,2025-10-15
AUTH01301,SHP07640,RESIDENTIAL,125.0,2025-10-14
AUTH01302,SHP07648,LIFTGATE,95.0,2025-10-15
AUTH01303,SHP07650,LIFTGATE,95.0,2025-10-15
AUTH01304,SHP07652,LIFTGATE,95.0,2025-10-14
AUTH01305,SHP07653,LIFTGATE,95.0,2025-10-14
AUTH01306,SHP07665,LIFTGATE,95.0,2025-10-15
AUTH01307,SHP07669,RESIDENTIAL,125.0,2025-10-14
AUTH01308,SHP07673,LIFTGATE,95.0,2025-10-14
AUTH01309,SHP07678,RESIDENTIAL,125.0,2025-10-14
AUTH01310,SHP07681,LIFTGATE,95.0,2025-10-16
AUTH01311,SHP07690,LIFTGATE,95.0,2025-10-17
AUTH01312,SHP07693,RESIDENTIAL,125.0,2025-10-15
AUTH01313,SHP07694,LIFTGATE,95.0,2025-10-16
AUTH01314,SHP07694,RESIDENTIAL,125.0,2025-10-17
AUTH01315,SHP07699,LIFTGATE,95.0,2025-10-17
AUTH01316,SHP07713,LIFTGATE,95.0,2025-10-16
AUTH01317,SHP07716,LIFTGATE,95.0,2025-10-18
AUTH01318,SHP07729,LIFTGATE,95.0,2025-10-17
AUTH01319,SHP07730,LIFTGATE,95.0,2025-10-17
AUTH01320,SHP07744,RESIDENTIAL,125.0,2025-10-19
AUTH01321,SHP07747,DETENTION,225.0,2025-10-20
AUTH01322,SHP07755,LIFTGATE,95.0,2025-10-19
AUTH01323,SHP07762,RESIDENTIAL,125.0,2025-10-20
AUTH01324,SHP07763,LIFTGATE,95.0,2025-10-17
AUTH01325,SHP07769,LIFTGATE,95.0,2025-10-19
AUTH01326,SHP07775,LIFTGATE,95.0,2025-10-18
AUTH01327,SHP07784,LIFTGATE,95.0,2025-10-20
AUTH01328,SHP07792,LIFTGATE,95.0,2025-10-18
AUTH01329,SHP07793,LIFTGATE,95.0,2025-10-22
AUTH01330,SHP07794,DETENTION,300.0,2025-10-21
AUTH01331,SHP07804,RESIDENTIAL,125.0,2025-10-20
AUTH01332,SHP07814,LIFTGATE,95.0,2025-10-24
AUTH01333,SHP07818,LIFTGATE,95.0,2025-10-22
AUTH01334,SHP07822,LIFTGATE,95.0,2025-10-19
AUTH01335,SHP07822,RESIDENTIAL,125.0,2025-10-20
AUTH01336,SHP07826,RESIDENTIAL,125.0,2025-10-22
AUTH01337,SHP07833,LIFTGATE,95.0,2025-10-22
AUTH01338,SHP07834,LIFTGATE,95.0,2025-10-23
AUTH01339,SHP07837,LIFTGATE,95.0,2025-10-22
AUTH01340,SHP07844,LIFTGATE,95.0,2025-10-23
AUTH01341,SHP07849,LIFTGATE,95.0,2025-10-21
AUTH01342,SHP07859,DETENTION,75.0,2025-10-23
AUTH01343,SHP07862,LIFTGATE,95.0,2025-10-22
AUTH01344,SHP07869,LIFTGATE,95.0,2025-10-25
AUTH01345,SHP07869,RESIDENTIAL,125.0,2025-10-23
AUTH01346,SHP07873,LIFTGATE,95.0,2025-10-22
AUTH01347,SHP07878,LIFTGATE,95.0,2025-10-23
AUTH01348,SHP07885,RESIDENTIAL,125.0,2025-10-22
AUTH01349,SHP07886,LIFTGATE,95.0,2025-10-25
AUTH01350,SHP07894,LIFTGATE,95.0,2025-10-23
AUTH01351,SHP07898,RESIDENTIAL,125.0,2025-10-22
AUTH01352,SHP07900,RESIDENTIAL,125.0,2025-10-27
AUTH01353,SHP07916,LIFTGATE,95.0,2025-10-22
AUTH01354,SHP07922,DETENTION,75.0,2025-10-23
AUTH01355,SHP07929,DETENTION,150.0,2025-10-23
AUTH01356,SHP07931,RESIDENTIAL,125.0,2025-10-26
AUTH01357,SHP07934,LIFTGATE,95.0,2025-10-24
AUTH01358,SHP07942,DETENTION,150.0,2025-10-23
AUTH01359,SHP07944,LIFTGATE,95.0,2025-10-25
AUTH01360,SHP07953,DETENTION,300.0,2025-10-25
AUTH01361,SHP07955,LIFTGATE,95.0,2025-10-26
AUTH01362,SHP07960,LIFTGATE,95.0,2025-10-24
AUTH01363,SHP07970,LIFTGATE,95.0,2025-10-25
AUTH01364,SHP07976,LIFTGATE,95.0,2025-10-26
AUTH01365,SHP07977,DETENTION,225.0,2025-10-28
AUTH01366,SHP07980,DETENTION,300.0,2025-10-26
AUTH01367,SHP07982,LIFTGATE,95.0,2025-10-28
AUTH01368,SHP07985,RESIDENTIAL,125.0,2025-10-25
AUTH01369,SHP07987,RESIDENTIAL,125.0,2025-10-25
AUTH01370,SHP07993,LIFTGATE,95.0,2025-10-25
AUTH01371,SHP07997,LIFTGATE,95.0,2025-10-26
AUTH01372,SHP08005,LIFTGATE,95.0,2025-10-27
AUTH01373,SHP08008,RESIDENTIAL,125.0,2025-10-26
AUTH01374,SHP08011,LIFTGATE,95.0,2025-10-25
AUTH01375,SHP08013,LIFTGATE,95.0,2025-10-25
AUTH01376,SHP08025,LIFTGATE,95.0,2025-10-26
AUTH01377,SHP08028,LIFTGATE,95.0,2025-10-28
AUTH01378,SHP08029,DETENTION,300.0,2025-10-27
AUTH01379,SHP08032,LIFTGATE,95.0,2025-10-28
AUTH01380,SHP08033,LIFTGATE,95.0,2025-10-31
AUTH01381,SHP08044,RESIDENTIAL,125.0,2025-10-27
AUTH01382,SHP08046,LIFTGATE,95.0,2025-10-28
AUTH01383,SHP08053,LIFTGATE,95.0,2025-10-27
AUTH01384,SHP08055,LIFTGATE,95.0,2025-10-28
AUTH01385,SHP08063,RESIDENTIAL,125.0,2025-10-27
AUTH01386,SHP08066,LIFTGATE,95.0,2025-10-29
AUTH01387,SHP08068,DETENTION,300.0,2025-10-29
AUTH01388,SHP08071,LIFTGATE,95.0,2025-10-30
AUTH01389,SHP08078,LIFTGATE,95.0,2025-10-28
AUTH01390,SHP08092,LIFTGATE,95.0,2025-10-28
AUTH01391,SHP08094,LIFTGATE,95.0,2025-10-28
AUTH01392,SHP08103,RESIDENTIAL,125.0,2025-10-28
AUTH01393,SHP08111,LIFTGATE,95.0,2025-10-30
AUTH01394,SHP08112,LIFTGATE,95.0,2025-10-31
AUTH01395,SHP08116,RESIDENTIAL,125.0,2025-10-29
AUTH01396,SHP08136,RESIDENTIAL,125.0,2025-10-29
AUTH01397,SHP08153,RESIDENTIAL,125.0,2025-11-01
AUTH01398,SHP08156,RESIDENTIAL,125.0,2025-11-01
AUTH01399,SHP08157,LIFTGATE,95.0,2025-10-30
AUTH01400,SHP08159,LIFTGATE,95.0,2025-11-02
AUTH01401,SHP08172,DETENTION,150.0,2025-11-01
AUTH01402,SHP08179,RESIDENTIAL,125.0,2025-11-03
AUTH01403,SHP08193,LIFTGATE,95.0,2025-11-01
AUTH01404,SHP08199,LIFTGATE,95.0,2025-11-04
AUTH01405,SHP08200,LIFTGATE,95.0,2025-10-31
AUTH01406,SHP08211,RESIDENTIAL,125.0,2025-11-03
AUTH01407,SHP08215,RESIDENTIAL,125.0,2025-11-02
AUTH01408,SHP08227,LIFTGATE,95.0,2025-11-03
AUTH01409,SHP08228,LIFTGATE,95.0,2025-11-02
AUTH01410,SHP08238,RESIDENTIAL,125.0,2025-11-02
AUTH01411,SHP08242,LIFTGATE,95.0,2025-11-03
AUTH01412,SHP08243,LIFTGATE,95.0,2025-11-03
AUTH01413,SHP08277,RESIDENTIAL,125.0,2025-11-04
AUTH01414,SHP08282,RESIDENTIAL,125.0,2025-11-11
AUTH01415,SHP08283,DETENTION,300.0,2025-11-06
AUTH01416,SHP08284,LIFTGATE,95.0,2025-11-05
AUTH01417,SHP08287,LIFTGATE,95.0,2025-11-07
AUTH01418,SHP08290,RESIDENTIAL,125.0,2025-11-04
AUTH01419,SHP08294,DETENTION,300.0,2025-11-04
AUTH01420,SHP08295,RESIDENTIAL,125.0,2025-11-06
AUTH01421,SHP08298,LIFTGATE,95.0,2025-11-04
AUTH01422,SHP08299,LIFTGATE,95.0,2025-11-07
AUTH01423,SHP08308,RESIDENTIAL,125.0,2025-11-06
AUTH01424,SHP08322,LIFTGATE,95.0,2025-11-08
AUTH01425,SHP08323,DETENTION,150.0,2025-11-08
AUTH01426,SHP08326,LIFTGATE,95.0,2025-11-06
AUTH01427,SHP08331,LIFTGATE,95.0,2025-11-05
AUTH01428,SHP08338,RESIDENTIAL,125.0,2025-11-10
AUTH01429,SHP08341,RESIDENTIAL,125.0,2025-11-11
AUTH01430,SHP08347,RESIDENTIAL,125.0,2025-11-06
AUTH01431,SHP08348,DETENTION,225.0,2025-11-09
AUTH01432,SHP08351,RESIDENTIAL,125.0,2025-11-08
AUTH01433,SHP08352,RESIDENTIAL,125.0,2025-11-08
AUTH01434,SHP08361,LIFTGATE,95.0,2025-11-08
AUTH01435,SHP08361,RESIDENTIAL,125.0,2025-11-08
AUTH01436,SHP08377,RESIDENTIAL,125.0,2025-11-11
AUTH01437,SHP08405,LIFTGATE,95.0,2025-11-10
AUTH01438,SHP08446,LIFTGATE,95.0,2025-11-11
AUTH01439,SHP08447,LIFTGATE,95.0,2025-11-10
AUTH01440,SHP08458,RESIDENTIAL,125.0,2025-11-10
AUTH01441,SHP08465,LIFTGATE,95.0,2025-11-10
AUTH01442,SHP08466,LIFTGATE,95.0,2025-11-09
AUTH01443,SHP08477,RESIDENTIAL,125.0,2025-11-12
AUTH01444,SHP08480,LIFTGATE,95.0,2025-11-12
AUTH01445,SHP08489,RESIDENTIAL,125.0,2025-11-17
AUTH01446,SHP08490,RESIDENTIAL,125.0,2025-11-11
AUTH01447,SHP08497,DETENTION,300.0,2025-11-10
AUTH01448,SHP08514,LIFTGATE,95.0,2025-11-13
AUTH01449,SHP08514,RESIDENTIAL,125.0,2025-11-16
AUTH01450,SHP08520,LIFTGATE,95.0,2025-11-12
AUTH01451,SHP08525,RESIDENTIAL,125.0,2025-11-11
AUTH01452,SHP08526,LIFTGATE,95.0,2025-11-15
AUTH01453,SHP08529,LIFTGATE,95.0,2025-11-14
AUTH01454,SHP08541,RESIDENTIAL,125.0,2025-11-12
AUTH01455,SHP08546,DETENTION,75.0,2025-11-14
AUTH01456,SHP08556,DETENTION,225.0,2025-11-15
AUTH01457,SHP08564,RESIDENTIAL,125.0,2025-11-14
AUTH01458,SHP08569,LIFTGATE,95.0,2025-11-13
AUTH01459,SHP08570,LIFTGATE,95.0,2025-11-14
AUTH01460,SHP08574,LIFTGATE,95.0,2025-11-13
AUTH01461,SHP08584,LIFTGATE,95.0,2025-11-13
AUTH01462,SHP08588,RESIDENTIAL,125.0,2025-11-13
AUTH01463,SHP08626,DETENTION,225.0,2025-11-17
AUTH01464,SHP08632,DETENTION,225.0,2025-11-16
AUTH01465,SHP08638,LIFTGATE,95.0,2025-11-16
AUTH01466,SHP08640,RESIDENTIAL,125.0,2025-11-17
AUTH01467,SHP08642,LIFTGATE,95.0,2025-11-16
AUTH01468,SHP08653,DETENTION,75.0,2025-11-18
AUTH01469,SHP08667,LIFTGATE,95.0,2025-11-18
AUTH01470,SHP08676,LIFTGATE,95.0,2025-11-18
AUTH01471,SHP08677,RESIDENTIAL,125.0,2025-11-17
AUTH01472,SHP08680,LIFTGATE,95.0,2025-11-17
AUTH01473,SHP08683,RESIDENTIAL,125.0,2025-11-22
AUTH01474,SHP08685,LIFTGATE,95.0,2025-11-20
AUTH01475,SHP08688,RESIDENTIAL,125.0,2025-11-17
AUTH01476,SHP08696,LIFTGATE,95.0,2025-11-18
AUTH01477,SHP08705,RESIDENTIAL,125.0,2025-11-17
AUTH01478,SHP08714,LIFTGATE,95.0,2025-11-22
AUTH01479,SHP08716,RESIDENTIAL,125.0,2025-11-17
AUTH01480,SHP08718,RESIDENTIAL,125.0,2025-11-19
AUTH01481,SHP08744,LIFTGATE,95.0,2025-11-23
AUTH01482,SHP08744,RESIDENTIAL,125.0,2025-11-20
AUTH01483,SHP08749,RESIDENTIAL,125.0,2025-11-19
AUTH01484,SHP08760,LIFTGATE,95.0,2025-11-20
AUTH01485,SHP08761,LIFTGATE,95.0,2025-11-21
AUTH01486,SHP08762,LIFTGATE,95.0,2025-11-20
AUTH01487,SHP08766,LIFTGATE,95.0,2025-11-20
AUTH01488,SHP08783,RESIDENTIAL,125.0,2025-11-19
AUTH01489,SHP08797,LIFTGATE,95.0,2025-11-21
AUTH01490,SHP08798,LIFTGATE,95.0,2025-11-20
AUTH01491,SHP08798,RESIDENTIAL,125.0,2025-11-22
AUTH01492,SHP08812,LIFTGATE,95.0,2025-11-21
AUTH01493,SHP08819,RESIDENTIAL,125.0,2025-11-21
AUTH01494,SHP08826,LIFTGATE,95.0,2025-11-26
AUTH01495,SHP08826,RESIDENTIAL,125.0,2025-11-25
AUTH01496,SHP08828,LIFTGATE,95.0,2025-11-22
AUTH01497,SHP08828,RESIDENTIAL,125.0,2025-11-22
AUTH01498,SHP08831,LIFTGATE,95.0,2025-11-24
AUTH01499,SHP08840,LIFTGATE,95.0,2025-11-22
AUTH01500,SHP08843,LIFTGATE,95.0,2025-11-25
AUTH01501,SHP08848,LIFTGATE,95.0,2025-11-23
AUTH01502,SHP08852,RESIDENTIAL,125.0,2025-11-27
AUTH01503,SHP08868,LIFTGATE,95.0,2025-11-23
AUTH01504,SHP08869,RESIDENTIAL,125.0,2025-11-22
AUTH01505,SHP08870,LIFTGATE,95.0,2025-11-24
AUTH01506,SHP08876,RESIDENTIAL,125.0,2025-11-24
AUTH01507,SHP08880,LIFTGATE,95.0,2025-11-26
AUTH01508,SHP08882,LIFTGATE,95.0,2025-11-24
AUTH01509,SHP08882,RESIDENTIAL,125.0,2025-11-23
AUTH01510,SHP08890,LIFTGATE,95.0,2025-11-26
AUTH01511,SHP08901,LIFTGATE,95.0,2025-11-23
AUTH01512,SHP08909,RESIDENTIAL,125.0,2025-11-24
AUTH01513,SHP08913,LIFTGATE,95.0,2025-11-25
AUTH01514,SHP08915,RESIDENTIAL,125.0,2025-11-26
AUTH01515,SHP08919,LIFTGATE,95.0,2025-11-25
AUTH01516,SHP08922,LIFTGATE,95.0,2025-11-25
AUTH01517,SHP08924,LIFTGATE,95.0,2025-11-28
AUTH01518,SHP08931,LIFTGATE,95.0,2025-11-25
AUTH01519,SHP08932,LIFTGATE,95.0,2025-11-25
AUTH01520,SHP08934,RESIDENTIAL,125.0,2025-11-25
AUTH01521,SHP08939,LIFTGATE,95.0,2025-11-25
AUTH01522,SHP08942,LIFTGATE,95.0,2025-12-01
AUTH01523,SHP08962,DETENTION,225.0,2025-11-25
AUTH01524,SHP08969,LIFTGATE,95.0,2025-11-28
AUTH01525,SHP08983,LIFTGATE,95.0,2025-11-26
AUTH01526,SHP08984,LIFTGATE,95.0,2025-11-27
AUTH01527,SHP08995,LIFTGATE,95.0,2025-11-27
AUTH01528,SHP08999,LIFTGATE,95.0,2025-11-28
AUTH01529,SHP09000,RESIDENTIAL,125.0,2025-11-29
AUTH01530,SHP09006,RESIDENTIAL,125.0,2025-11-29
AUTH01531,SHP09007,LIFTGATE,95.0,2025-12-02
AUTH01532,SHP09032,LIFTGATE,95.0,2025-11-30
AUTH01533,SHP09038,RESIDENTIAL,125.0,2025-11-30
AUTH01534,SHP09043,LIFTGATE,95.0,2025-11-28
AUTH01535,SHP09047,DETENTION,225.0,2025-12-02
AUTH01536,SHP09050,RESIDENTIAL,125.0,2025-11-29
AUTH01537,SHP09059,LIFTGATE,95.0,2025-11-30
AUTH01538,SHP09065,RESIDENTIAL,125.0,2025-11-30
AUTH01539,SHP09067,LIFTGATE,95.0,2025-12-01
AUTH01540,SHP09075,LIFTGATE,95.0,2025-11-30
AUTH01541,SHP09083,LIFTGATE,95.0,2025-12-04
AUTH01542,SHP09086,LIFTGATE,95.0,2025-11-30
AUTH01543,SHP09094,RESIDENTIAL,125.0,2025-12-02
AUTH01544,SHP09096,DETENTION,150.0,2025-12-02
AUTH01545,SHP09102,RESIDENTIAL,125.0,2025-12-02
AUTH01546,SHP09110,LIFTGATE,95.0,2025-12-04
AUTH01547,SHP09120,RESIDENTIAL,125.0,2025-12-04
AUTH01548,SHP09124,LIFTGATE,95.0,2025-12-01
AUTH01549,SHP09132,RESIDENTIAL,125.0,2025-12-06
AUTH01550,SHP09134,DETENTION,150.0,2025-12-02
AUTH01551,SHP09136,LIFTGATE,95.0,2025-12-05
AUTH01552,SHP09145,LIFTGATE,95.0,2025-12-02
AUTH01553,SHP09163,LIFTGATE,95.0,2025-12-02
AUTH01554,SHP09168,RESIDENTIAL,125.0,2025-12-02
AUTH01555,SHP09169,RESIDENTIAL,125.0,2025-12-04
AUTH01556,SHP09174,RESIDENTIAL,125.0,2025-12-03
AUTH01557,SHP09181,RESIDENTIAL,125.0,2025-12-08
AUTH01558,SHP09183,LIFTGATE,95.0,2025-12-04
AUTH01559,SHP09184,LIFTGATE,95.0,2025-12-06
AUTH01560,SHP09188,DETENTION,300.0,2025-12-05
AUTH01561,SHP09193,LIFTGATE,95.0,2025-12-06
AUTH01562,SHP09196,LIFTGATE,95.0,2025-12-08
AUTH01563,SHP09196,RESIDENTIAL,125.0,2025-12-05
AUTH01564,SHP09207,DETENTION,150.0,2025-12-07
AUTH01565,SHP09216,LIFTGATE,95.0,2025-12-06
AUTH01566,SHP09236,RESIDENTIAL,125.0,2025-12-05
AUTH01567,SHP09241,LIFTGATE,95.0,2025-12-06
AUTH01568,SHP09242,LIFTGATE,95.0,2025-12-06
AUTH01569,SHP09248,DETENTION,225.0,2025-12-09
AUTH01570,SHP09250,RESIDENTIAL,125.0,2025-12-06
AUTH01571,SHP09275,LIFTGATE,95.0,2025-12-06
AUTH01572,SHP09287,LIFTGATE,95.0,2025-12-10
AUTH01573,SHP09307,LIFTGATE,95.0,2025-12-10
AUTH01574,SHP09312,LIFTGATE,95.0,2025-12-09
AUTH01575,SHP09320,LIFTGATE,95.0,2025-12-11
AUTH01576,SHP09329,LIFTGATE,95.0,2025-12-08
AUTH01577,SHP09329,RESIDENTIAL,125.0,2025-12-12
AUTH01578,SHP09336,RESIDENTIAL,125.0,2025-12-10
AUTH01579,SHP09339,LIFTGATE,95.0,2025-12-11
AUTH01580,SHP09341,LIFTGATE,95.0,2025-12-12
AUTH01581,SHP09341,RESIDENTIAL,125.0,2025-12-11
AUTH01582,SHP09345,LIFTGATE,95.0,2025-12-10
AUTH01583,SHP09347,DETENTION,300.0,2025-12-10
AUTH01584,SHP09348,RESIDENTIAL,125.0,2025-12-11
AUTH01585,SHP09357,RESIDENTIAL,125.0,2025-12-10
AUTH01586,SHP09360,LIFTGATE,95.0,2025-12-13
AUTH01587,SHP09365,LIFTGATE,95.0,2025-12-10
AUTH01588,SHP09378,DETENTION,300.0,2025-12-11
AUTH01589,SHP09388,RESIDENTIAL,125.0,2025-12-11
AUTH01590,SHP09394,LIFTGATE,95.0,2025-12-13
AUTH01591,SHP09406,LIFTGATE,95.0,2025-12-15
AUTH01592,SHP09418,LIFTGATE,95.0,2025-12-13
AUTH01593,SHP09439,RESIDENTIAL,125.0,2025-12-11
AUTH01594,SHP09440,LIFTGATE,95.0,2025-12-13
AUTH01595,SHP09451,RESIDENTIAL,125.0,2025-12-12
AUTH01596,SHP09460,RESIDENTIAL,125.0,2025-12-12
AUTH01597,SHP09461,LIFTGATE,95.0,2025-12-13
AUTH01598,SHP09470,LIFTGATE,95.0,2025-12-14
AUTH01599,SHP09471,DETENTION,75.0,2025-12-14
AUTH01600,SHP09476,LIFTGATE,95.0,2025-12-16
AUTH01601,SHP09483,LIFTGATE,95.0,2025-12-15
AUTH01602,SHP09505,DETENTION,225.0,2025-12-15
AUTH01603,SHP09512,LIFTGATE,95.0,2025-12-14
AUTH01604,SHP09513,LIFTGATE,95.0,2025-12-18
AUTH01605,SHP09514,LIFTGATE,95.0,2025-12-14
AUTH01606,SHP09516,LIFTGATE,95.0,2025-12-16
AUTH01607,SHP09517,LIFTGATE,95.0,2025-12-19
AUTH01608,SHP09523,LIFTGATE,95.0,2025-12-14
AUTH01609,SHP09534,LIFTGATE,95.0,2025-12-16
AUTH01610,SHP09535,LIFTGATE,95.0,2025-12-17
AUTH01611,SHP09546,DETENTION,300.0,2025-12-16
AUTH01612,SHP09549,LIFTGATE,95.0,2025-12-17
AUTH01613,SHP09559,LIFTGATE,95.0,2025-12-18
AUTH01614,SHP09565,LIFTGATE,95.0,2025-12-18
AUTH01615,SHP09580,DETENTION,150.0,2025-12-19
AUTH01616,SHP09584,LIFTGATE,95.0,2025-12-19
AUTH01617,SHP09586,RESIDENTIAL,125.0,2025-12-17
AUTH01618,SHP09590,LIFTGATE,95.0,2025-12-19
AUTH01619,SHP09593,LIFTGATE,95.0,2025-12-18
AUTH01620,SHP09621,LIFTGATE,95.0,2025-12-19
AUTH01621,SHP09627,LIFTGATE,95.0,2025-12-19
AUTH01622,SHP09630,LIFTGATE,95.0,2025-12-20
AUTH01623,SHP09633,LIFTGATE,95.0,2025-12-19
AUTH01624,SHP09640,RESIDENTIAL,125.0,2025-12-20
AUTH01625,SHP09643,LIFTGATE,95.0,2025-12-21
AUTH01626,SHP09658,LIFTGATE,95.0,2025-12-22
AUTH01627,SHP09665,LIFTGATE,95.0,2025-12-21
AUTH01628,SHP09681,LIFTGATE,95.0,2025-12-23
AUTH01629,SHP09681,RESIDENTIAL,125.0,2025-12-23
AUTH01630,SHP09686,LIFTGATE,95.0,2025-12-20
AUTH01631,SHP09690,LIFTGATE,95.0,2025-12-20
AUTH01632,SHP09691,RESIDENTIAL,125.0,2025-12-22
AUTH01633,SHP09700,RESIDENTIAL,125.0,2025-12-24
AUTH01634,SHP09702,LIFTGATE,95.0,2025-12-23
AUTH01635,SHP09722,LIFTGATE,95.0,2025-12-22
AUTH01636,SHP09728,LIFTGATE,95.0,2025-12-22
AUTH01637,SHP09730,LIFTGATE,95.0,2025-12-22
AUTH01638,SHP09731,LIFTGATE,95.0,2025-12-22
AUTH01639,SHP09732,LIFTGATE,95.0,2025-12-23
AUTH01640,SHP09733,LIFTGATE,95.0,2025-12-25
AUTH01641,SHP09746,LIFTGATE,95.0,2025-12-24
AUTH01642,SHP09749,LIFTGATE,95.0,2025-12-24
AUTH01643,SHP09754,LIFTGATE,95.0,2025-12-25
AUTH01644,SHP09755,LIFTGATE,95.0,2025-12-23
AUTH01645,SHP09761,RESIDENTIAL,125.0,2025-12-23
AUTH01646,SHP09771,DETENTION,75.0,2025-12-25
AUTH01647,SHP09777,DETENTION,75.0,2025-12-24
AUTH01648,SHP09794,LIFTGATE,95.0,2025-12-24
AUTH01649,SHP09808,LIFTGATE,95.0,2025-12-25
AUTH01650,SHP09811,DETENTION,300.0,2025-12-29
AUTH01651,SHP09818,LIFTGATE,95.0,2025-12-26
AUTH01652,SHP09820,LIFTGATE,95.0,2025-12-25
AUTH01653,SHP09830,RESIDENTIAL,125.0,2025-12-28
AUTH01654,SHP09839,LIFTGATE,95.0,2025-12-29
AUTH01655,SHP09841,DETENTION,150.0,2025-12-26
AUTH01656,SHP09842,RESIDENTIAL,125.0,2025-12-30
AUTH01657,SHP09850,RESIDENTIAL,125.0,2025-12-27
AUTH01658,SHP09853,LIFTGATE,95.0,2025-12-29
AUTH01659,SHP09863,LIFTGATE,95.0,2025-12-29
AUTH01660,SHP09870,RESIDENTIAL,125.0,2025-12-27
AUTH01661,SHP09873,DETENTION,150.0,2025-12-28
AUTH01662,SHP09884,RESIDENTIAL,125.0,2025-12-27
AUTH01663,SHP09895,RESIDENTIAL,125.0,2025-12-31
AUTH01664,SHP09897,LIFTGATE,95.0,2025-12-29
AUTH01665,SHP09898,RESIDENTIAL,125.0,2026-01-01
AUTH01666,SHP09902,RESIDENTIAL,125.0,2026-01-01
AUTH01667,SHP09915,LIFTGATE,95.0,2025-12-31
AUTH01668,SHP09917,RESIDENTIAL,125.0,2025-12-31
AUTH01669,SHP09920,RESIDENTIAL,125.0,2025-12-30
AUTH01670,SHP09935,LIFTGATE,95.0,2025-12-31
AUTH01671,SHP09937,RESIDENTIAL,125.0,2025-12-30
AUTH01672,SHP09939,LIFTGATE,95.0,2025-12-31
AUTH01673,SHP09945,LIFTGATE,95.0,2025-12-31
AUTH01674,SHP09956,LIFTGATE,95.0,2025-12-30
AUTH01675,SHP09958,LIFTGATE,95.0,2025-12-30
AUTH01676,SHP09961,LIFTGATE,95.0,2025-12-31
AUTH01677,SHP09966,LIFTGATE,95.0,2026-01-05
AUTH01678,SHP09972,RESIDENTIAL,125.0,2026-01-03
AUTH01679,SHP10000,LIFTGATE,95.0,2026-01-01
