week_start,price_per_gallon,source
2024-12-02,3.65,synthetic
2024-12-09,3.662,synthetic
2024-12-16,3.627,synthetic
2024-12-23,3.606,synthetic
2024-12-30,3.542,synthetic
2025-01-06,3.51,synthetic
2025-01-13,3.507,synthetic
2025-01-20,3.562,synthetic
2025-01-27,3.66,synthetic
2025-02-03,3.598,synthetic
2025-02-10,3.627,synthetic
2025-02-17,3.584,synthetic
2025-02-24,3.618,synthetic
2025-03-03,3.621,synthetic
2025-03-10,3.538,synthetic
2025-03-17,3.598,synthetic
2025-03-24,3.578,synthetic
2025-03-31,3.562,synthetic
2025-04-07,3.521,synthetic
2025-04-14,3.502,synthetic
2025-04-21,3.538,synthetic
2025-04-28,3.542,synthetic
2025-05-05,3.571,synthetic
2025-05-12,3.601,synthetic
2025-05-19,3.677,synthetic
2025-05-26,3.666,synthetic
2025-06-02,3.599,synthetic
2025-06-09,3.662,synthetic
2025-06-16,3.652,synthetic
2025-06-23,3.715,synthetic
2025-06-30,3.739,synthetic
2025-07-07,3.735,synthetic
2025-07-14,3.756,synthetic
2025-07-21,3.856,synthetic
2025-07-28,3.957,synthetic
2025-08-04,3.952,synthetic
2025-08-11,3.953,synthetic
2025-08-18,3.999,synthetic
2025-08-25,3.947,synthetic
2025-09-01,3.956,synthetic
2025-09-08,4.047,synthetic
2025-09-15,4.155,synthetic
2025-09-22,4.206,synthetic
2025-09-29,4.221,synthetic
2025-10-06,4.216,synthetic
2025-10-13,4.265,synthetic
2025-10-20,4.199,synthetic
2025-10-27,4.141,synthetic
2025-11-03,4.196,synthetic
2025-11-10,4.204,synthetic
2025-11-17,4.106,synthetic
2025-11-24,4.076,synthetic
2025-12-01,4.006,synthetic
2025-12-08,3.944,synthetic
2025-12-15,3.906,synthetic
2025-12-22,3.89,synthetic
2025-12-29,3.823,synthetic
2026-01-05,3.828,synthetic
2026-01-12,3.769,synthetic
2026-01-19,3.771,synthetic
2026-01-26,3.902,synthetic
2026-02-02,3.908,synthetic
2026-02-09,3.975,synthetic
2026-02-16,3.97,synthetic
2026-02-23,3.991,synthetic
2026-03-02,3.979,synthetic
2026-03-09,3.961,synthetic
2026-03-16,3.914,synthetic
2026-03-23,3.93,synthetic
2026-03-30,3.881,synthetic
