carrier_id,lane_id,mode,version,effective_from,effective_to,min_charge,rate_per_mile,deficit_weight_rating,cwt_0_499,cwt_500_999,cwt_1000_1999,cwt_2000_4999,cwt_5000_7500
CARA,L001,LTL,1,2025-01-01,2099-12-31,110.0,,True,48.73,41.51,36.1,30.68,25.99
CARA,L004,LTL,1,2025-01-01,2099-12-31,110.0,,True,37.29,31.77,27.62,23.48,19.89
CARA,L008,LTL,1,2025-01-01,2025-06-30,110.0,,True,100.45,85.57,74.41,63.25,53.57
CARA,L008,LTL,2,2025-07-01,2099-12-31,110.0,,True,108.44,92.38,80.33,68.28,57.83
CARA,L010,LTL,1,2025-01-01,2099-12-31,110.0,,True,90.58,77.16,67.1,57.03,48.31
CARA,L013,LTL,1,2025-01-01,2099-12-31,110.0,,True,51.18,43.6,37.91,32.22,27.3
CARA,L014,LTL,1,2025-01-01,2099-12-31,110.0,,True,69.23,58.98,51.28,43.59,36.92
CARA,L020,LTL,1,2025-01-01,2099-12-31,110.0,,True,88.76,75.61,65.75,55.89,47.34
CARA,L025,LTL,1,2025-01-01,2025-06-30,110.0,,True,30.1,25.64,22.3,18.95,16.05
CARA,L025,LTL,2,2025-07-01,2099-12-31,110.0,,True,29.31,24.97,21.71,18.45,15.63
CARA,L026,LTL,1,2025-01-01,2099-12-31,110.0,,True,87.72,74.73,64.98,55.23,46.79
CARA,L027,LTL,1,2025-01-01,2099-12-31,110.0,,True,104.06,88.64,77.08,65.52,55.5
CARA,L029,LTL,1,2025-01-01,2025-06-30,110.0,,True,76.0,64.74,56.29,47.85,40.53
CARA,L029,LTL,2,2025-07-01,2099-12-31,110.0,,True,79.7,67.9,59.03,50.18,42.51
CARA,L031,LTL,1,2025-01-01,2099-12-31,110.0,,True,46.81,39.87,34.67,29.47,24.96
CARA,L034,LTL,1,2025-01-01,2099-12-31,110.0,,True,86.19,73.42,63.85,54.27,45.97
CARA,L035,LTL,1,2025-01-01,2099-12-31,110.0,,True,118.11,100.61,87.49,74.36,62.99
CARA,L039,LTL,1,2025-01-01,2099-12-31,110.0,,True,51.1,43.53,37.86,32.18,27.26
CARA,L041,LTL,1,2025-01-01,2099-12-31,110.0,,True,31.27,26.64,23.17,19.69,16.68
CARA,L046,LTL,1,2025-01-01,2099-12-31,110.0,,True,113.73,96.88,84.24,71.61,60.65
CARA,L049,LTL,1,2025-01-01,2099-12-31,110.0,,True,106.29,90.54,78.73,66.92,56.69
CARA,L053,LTL,1,2025-01-01,2025-06-30,110.0,,True,83.32,70.98,61.72,52.46,44.44
CARA,L053,LTL,2,2025-07-01,2099-12-31,110.0,,True,88.1,75.05,65.26,55.47,46.99
CARA,L058,LTL,1,2025-01-01,2099-12-31,110.0,,True,41.65,35.48,30.85,26.23,22.21
CARA,L059,LTL,1,2025-01-01,2099-12-31,110.0,,True,120.75,102.86,89.44,76.02,64.4
CARA,L060,LTL,1,2025-01-01,2099-12-31,110.0,,True,51.52,43.89,38.16,32.44,27.48
CARB,L002,LTL,1,2025-01-01,2099-12-31,110.0,,True,82.34,70.15,61.0,51.85,43.92
CARB,L005,LTL,1,2025-01-01,2099-12-31,110.0,,True,26.85,22.87,19.89,16.91,14.32
CARB,L006,LTL,1,2025-01-01,2099-12-31,110.0,,True,26.72,22.76,19.79,16.82,14.25
CARB,L007,LTL,1,2025-01-01,2099-12-31,110.0,,True,65.32,55.64,48.39,41.13,34.84
CARB,L009,LTL,1,2025-01-01,2025-06-30,110.0,,True,114.08,97.18,84.5,71.83,60.84
CARB,L009,LTL,2,2025-07-01,2099-12-31,110.0,,True,111.77,95.21,82.79,70.38,59.61
CARB,L012,LTL,1,2025-01-01,2099-12-31,110.0,,True,28.08,23.92,20.8,17.68,14.98
CARB,L013,LTL,1,2025-01-01,2099-12-31,110.0,,True,54.55,46.46,40.4,34.34,29.09
CARB,L015,LTL,1,2025-01-01,2099-12-31,110.0,,True,23.86,20.32,17.67,15.02,12.72
CARB,L018,LTL,1,2025-01-01,2099-12-31,110.0,,True,38.67,32.94,28.64,24.35,20.62
CARB,L020,LTL,1,2025-01-01,2099-12-31,110.0,,True,86.54,73.72,64.1,54.49,46.15
CARB,L021,LTL,1,2025-01-01,2099-12-31,110.0,,True,53.83,45.85,39.87,33.89,28.71
CARB,L023,LTL,1,2025-01-01,2099-12-31,110.0,,True,36.8,31.35,27.26,23.17,19.63
CARB,L025,LTL,1,2025-01-01,2099-12-31,110.0,,True,32.24,27.46,23.88,20.3,17.19
CARB,L033,LTL,1,2025-01-01,2025-06-30,110.0,,True,66.2,56.39,49.03,41.68,35.3
CARB,L033,LTL,2,2025-07-01,2099-12-31,110.0,,True,68.31,58.19,50.59,43.01,36.43
CARB,L034,LTL,1,2025-01-01,2099-12-31,110.0,,True,87.54,74.58,64.85,55.12,46.69
CARB,L038,LTL,1,2025-01-01,2099-12-31,110.0,,True,41.33,35.21,30.62,26.02,22.04
CARB,L040,LTL,1,2025-01-01,2025-06-30,110.0,,True,72.19,61.49,53.47,45.45,38.5
CARB,L040,LTL,2,2025-07-01,2099-12-31,110.0,,True,70.27,59.85,52.05,44.24,37.48
CARB,L041,LTL,1,2025-01-01,2099-12-31,110.0,,True,30.88,26.31,22.88,19.44,16.47
CARB,L042,LTL,1,2025-01-01,2025-06-30,110.0,,True,21.51,18.32,15.93,13.54,11.47
CARB,L042,LTL,2,2025-07-01,2099-12-31,110.0,,True,20.39,17.37,15.1,12.84,10.87
CARB,L044,LTL,1,2025-01-01,2099-12-31,110.0,,True,36.53,31.11,27.06,23.0,19.48
CARB,L046,LTL,1,2025-01-01,2025-06-30,110.0,,True,117.33,99.95,86.91,73.88,62.58
CARB,L046,LTL,2,2025-07-01,2099-12-31,110.0,,True,125.53,106.94,92.98,79.04,66.95
CARB,L048,LTL,1,2025-01-01,2099-12-31,110.0,,True,131.63,112.13,97.51,82.88,70.2
CARB,L051,LTL,1,2025-01-01,2099-12-31,110.0,,True,20.69,17.63,15.33,13.03,11.04
CARB,L054,LTL,1,2025-01-01,2025-06-30,110.0,,True,42.38,36.1,31.39,26.69,22.6
CARB,L054,LTL,2,2025-07-01,2099-12-31,110.0,,True,41.03,34.95,30.39,25.84,21.88
CARB,L059,LTL,1,2025-01-01,2099-12-31,110.0,,True,120.44,102.59,89.21,75.83,64.23
CARC,L001,LTL,1,2025-01-01,2099-12-31,110.0,,True,43.23,36.82,32.02,27.22,23.05
CARC,L003,LTL,1,2025-01-01,2099-12-31,110.0,,True,64.63,55.05,47.87,40.69,34.47
CARC,L004,LTL,1,2025-01-01,2099-12-31,110.0,,True,32.45,27.64,24.04,20.43,17.31
CARC,L010,LTL,1,2025-01-01,2099-12-31,110.0,,True,79.32,67.57,58.76,49.94,42.31
CARC,L012,LTL,1,2025-01-01,2099-12-31,110.0,,True,26.59,22.65,19.69,16.74,14.18
CARC,L016,LTL,1,2025-01-01,2099-12-31,110.0,,True,45.28,38.57,33.54,28.51,24.15
CARC,L017,LTL,1,2025-01-01,2099-12-31,110.0,,True,62.33,53.1,46.17,39.25,33.24
CARC,L019,LTL,1,2025-01-01,2099-12-31,110.0,,True,47.99,40.88,35.55,30.21,25.59
CARC,L022,LTL,1,2025-01-01,2099-12-31,110.0,,True,104.96,89.41,77.75,66.09,55.98
CARC,L024,LTL,1,2025-01-01,2099-12-31,110.0,,True,38.93,33.16,28.84,24.51,20.76
CARC,L028,LTL,1,2025-01-01,2099-12-31,110.0,,True,60.63,51.64,44.91,38.17,32.33
CARC,L030,LTL,1,2025-01-01,2099-12-31,110.0,,True,66.99,57.06,49.62,42.18,35.73
CARC,L031,LTL,1,2025-01-01,2025-06-30,110.0,,True,43.48,37.03,32.2,27.37,23.19
CARC,L031,LTL,2,2025-07-01,2099-12-31,110.0,,True,42.08,35.84,31.16,26.49,22.44
CARC,L032,LTL,1,2025-01-01,2099-12-31,110.0,,True,35.52,30.26,26.31,22.36,18.94
CARC,L036,LTL,1,2025-01-01,2099-12-31,110.0,,True,68.82,58.62,50.98,43.33,36.7
CARC,L040,LTL,1,2025-01-01,2099-12-31,110.0,,True,66.65,56.77,49.37,41.96,35.55
CARC,L042,LTL,1,2025-01-01,2099-12-31,110.0,,True,19.64,16.73,14.55,12.37,10.48
CARC,L043,LTL,1,2025-01-01,2099-12-31,110.0,,True,45.93,39.13,34.02,28.92,24.5
CARC,L045,LTL,1,2025-01-01,2099-12-31,110.0,,True,48.0,40.89,35.55,30.22,25.6
CARC,L047,LTL,1,2025-01-01,2099-12-31,110.0,,True,126.9,108.1,94.0,79.9,67.68
CARC,L048,LTL,1,2025-01-01,2099-12-31,110.0,,True,128.08,109.11,94.88,80.64,68.31
CARC,L049,LTL,1,2025-01-01,2099-12-31,110.0,,True,100.57,85.67,74.49,63.32,53.64
CARC,L050,LTL,1,2025-01-01,2099-12-31,110.0,,True,20.65,17.59,15.3,13.0,11.02
CARC,L057,LTL,1,2025-01-01,2099-12-31,110.0,,True,25.2,21.46,18.66,15.86,13.44
CARD,L003,LTL,1,2025-01-01,2099-12-31,110.0,,True,62.18,52.97,46.06,39.15,33.16
CARD,L005,LTL,1,2025-01-01,2025-06-30,110.0,,True,24.43,20.81,18.09,15.38,13.03
CARD,L005,LTL,2,2025-07-01,2099-12-31,110.0,,True,23.34,19.88,17.28,14.7,12.45
CARD,L011,LTL,1,2025-01-01,2099-12-31,110.0,,True,20.24,17.24,15.0,12.75,10.8
CARD,L014,LTL,1,2025-01-01,2099-12-31,110.0,,True,62.33,53.1,46.17,39.25,33.25
CARD,L015,LTL,1,2025-01-01,2099-12-31,110.0,,True,21.92,18.67,16.24,13.8,11.69
CARD,L019,LTL,1,2025-01-01,2099-12-31,110.0,,True,47.46,40.43,35.15,29.88,25.31
CARD,L021,LTL,1,2025-01-01,2099-12-31,110.0,,True,48.32,41.16,35.79,30.42,25.77
CARD,L023,LTL,1,2025-01-01,2025-06-30,110.0,,True,34.58,29.46,25.61,21.77,18.44
CARD,L023,LTL,2,2025-07-01,2099-12-31,110.0,,True,32.65,27.81,24.18,20.55,17.41
CARD,L024,LTL,1,2025-01-01,2099-12-31,110.0,,True,37.21,31.69,27.56,23.43,19.84
CARD,L026,LTL,1,2025-01-01,2099-12-31,110.0,,True,84.68,72.14,62.73,53.32,45.16
CARD,L027,LTL,1,2025-01-01,2099-12-31,110.0,,True,91.72,78.13,67.94,57.75,48.91
CARD,L029,LTL,1,2025-01-01,2099-12-31,110.0,,True,71.72,61.09,53.12,45.15,38.25
CARD,L030,LTL,1,2025-01-01,2099-12-31,110.0,,True,63.79,54.34,47.25,40.16,34.02
CARD,L032,LTL,1,2025-01-01,2025-06-30,110.0,,True,34.28,29.2,25.39,21.58,18.28
CARD,L032,LTL,2,2025-07-01,2099-12-31,110.0,,True,36.59,31.17,27.1,23.04,19.51
CARD,L033,LTL,1,2025-01-01,2099-12-31,110.0,,True,58.2,49.58,43.11,36.64,31.04
CARD,L035,LTL,1,2025-01-01,2099-12-31,110.0,,True,97.53,83.08,72.25,61.41,52.02
CARD,L036,LTL,1,2025-01-01,2025-06-30,110.0,,True,71.16,60.61,52.71,44.8,37.95
CARD,L036,LTL,2,2025-07-01,2099-12-31,110.0,,True,67.25,57.28,49.81,42.34,35.87
CARD,L037,LTL,1,2025-01-01,2025-06-30,110.0,,True,52.44,44.67,38.85,33.02,27.97
CARD,L037,LTL,2,2025-07-01,2099-12-31,110.0,,True,49.67,42.31,36.8,31.28,26.49
CARD,L038,LTL,1,2025-01-01,2099-12-31,110.0,,True,37.4,31.86,27.71,23.55,19.95
CARD,L047,LTL,1,2025-01-01,2099-12-31,110.0,,True,118.56,100.99,87.82,74.65,63.23
CARD,L050,LTL,1,2025-01-01,2099-12-31,110.0,,True,18.8,16.02,13.93,11.84,10.03
CARD,L051,LTL,1,2025-01-01,2099-12-31,110.0,,True,20.12,17.14,14.9,12.67,10.73
CARD,L052,LTL,1,2025-01-01,2025-06-30,110.0,,True,21.68,18.47,16.06,13.65,11.57
CARD,L052,LTL,2,2025-07-01,2099-12-31,110.0,,True,22.5,19.17,16.67,14.17,12.01
CARD,L055,LTL,1,2025-01-01,2099-12-31,110.0,,True,48.28,41.12,35.76,30.4,25.75
CARD,L056,LTL,1,2025-01-01,2025-06-30,110.0,,True,21.3,18.14,15.77,13.41,11.36
CARD,L056,LTL,2,2025-07-01,2099-12-31,110.0,,True,22.24,18.94,16.47,14.0,11.86
CARD,L058,LTL,1,2025-01-01,2099-12-31,110.0,,True,38.43,32.74,28.47,24.2,20.5
CARD,L060,LTL,1,2025-01-01,2099-12-31,110.0,,True,47.67,40.61,35.31,30.02,25.43
CARE,L002,LTL,1,2025-01-01,2099-12-31,110.0,,True,79.51,67.73,58.9,50.06,42.41
CARE,L006,LTL,1,2025-01-01,2099-12-31,110.0,,True,25.76,21.95,19.08,16.22,13.74
CARE,L007,LTL,1,2025-01-01,2099-12-31,110.0,,True,67.47,57.47,49.98,42.48,35.98
CARE,L008,LTL,1,2025-01-01,2099-12-31,110.0,,True,100.08,85.26,74.13,63.01,53.38
CARE,L009,LTL,1,2025-01-01,2025-06-30,110.0,,True,118.46,100.91,87.75,74.59,63.18
CARE,L009,LTL,2,2025-07-01,2099-12-31,110.0,,True,125.23,106.68,92.77,78.85,66.79
CARE,L011,LTL,1,2025-01-01,2099-12-31,110.0,,True,21.03,17.92,15.58,13.24,11.22
CARE,L016,LTL,1,2025-01-01,2099-12-31,110.0,,True,49.15,41.87,36.41,30.95,26.21
CARE,L017,LTL,1,2025-01-01,2025-06-30,110.0,,True,67.56,57.55,50.05,42.54,36.03
CARE,L017,LTL,2,2025-07-01,2099-12-31,110.0,,True,69.8,59.46,51.71,43.95,37.23
CARE,L018,LTL,1,2025-01-01,2099-12-31,110.0,,True,40.63,34.61,30.1,25.58,21.67
CARE,L022,LTL,1,2025-01-01,2025-06-30,110.0,,True,105.86,90.17,78.41,66.65,56.46
CARE,L022,LTL,2,2025-07-01,2099-12-31,110.0,,True,112.8,96.08,83.55,71.02,60.16
CARE,L028,LTL,1,2025-01-01,2099-12-31,110.0,,True,63.91,54.45,47.34,40.24,34.09
CARE,L037,LTL,1,2025-01-01,2025-06-30,110.0,,True,56.44,48.07,41.8,35.53,30.1
CARE,L037,LTL,2,2025-07-01,2099-12-31,110.0,,True,57.84,49.26,42.84,36.41,30.85
CARE,L039,LTL,1,2025-01-01,2025-06-30,110.0,,True,49.87,42.48,36.94,31.4,26.6
CARE,L039,LTL,2,2025-07-01,2099-12-31,110.0,,True,52.47,44.7,38.87,33.04,27.99
CARE,L043,LTL,1,2025-01-01,2099-12-31,110.0,,True,48.06,40.94,35.6,30.26,25.63
CARE,L044,LTL,1,2025-01-01,2099-12-31,110.0,,True,34.34,29.25,25.44,21.62,18.31
CARE,L045,LTL,1,2025-01-01,2025-06-30,110.0,,True,48.31,41.15,35.79,30.42,25.77
CARE,L045,LTL,2,2025-07-01,2099-12-31,110.0,,True,50.83,43.3,37.66,32.01,27.11
CARE,L052,LTL,1,2025-01-01,2099-12-31,110.0,,True,23.38,19.92,17.32,14.72,12.47
CARE,L053,LTL,1,2025-01-01,2025-06-30,110.0,,True,81.58,69.5,60.43,51.37,43.51
CARE,L053,LTL,2,2025-07-01,2099-12-31,110.0,,True,77.14,65.72,57.14,48.58,41.14
CARE,L054,LTL,1,2025-01-01,2099-12-31,110.0,,True,42.86,36.51,31.75,26.98,22.86
CARE,L055,LTL,1,2025-01-01,2025-06-30,110.0,,True,50.52,43.04,37.42,31.81,26.95
CARE,L055,LTL,2,2025-07-01,2099-12-31,110.0,,True,51.06,43.5,37.82,32.15,27.24
CARE,L056,LTL,1,2025-01-01,2099-12-31,110.0,,True,23.07,19.65,17.09,14.52,12.3
CARE,L057,LTL,1,2025-01-01,2099-12-31,110.0,,True,26.56,22.62,19.67,16.72,14.16
CARF,L002,TL,1,2025-01-01,2099-12-31,450.0,2.4,False,,,,,
CARF,L006,TL,1,2025-01-01,2099-12-31,450.0,2.26,False,,,,,
CARF,L007,TL,1,2025-01-01,2099-12-31,450.0,2.23,False,,,,,
CARF,L012,TL,1,2025-01-01,2099-12-31,450.0,2.43,False,,,,,
CARF,L013,TL,1,2025-01-01,2099-12-31,450.0,2.21,False,,,,,
CARF,L017,TL,1,2025-01-01,2099-12-31,450.0,2.21,False,,,,,
CARF,L023,TL,1,2025-01-01,2099-12-31,450.0,2.4,False,,,,,
CARF,L030,TL,1,2025-01-01,2099-12-31,450.0,2.32,False,,,,,
CARF,L031,TL,1,2025-01-01,2099-12-31,450.0,2.22,False,,,,,
CARF,L033,TL,1,2025-01-01,2099-12-31,450.0,2.22,False,,,,,
CARF,L035,TL,1,2025-01-01,2099-12-31,450.0,2.42,False,,,,,
CARF,L036,TL,1,2025-01-01,2025-06-30,450.0,2.42,False,,,,,
CARF,L036,TL,2,2025-07-01,2099-12-31,450.0,2.28,False,,,,,
CARF,L038,TL,1,2025-01-01,2099-12-31,450.0,2.24,False,,,,,
CARF,L040,TL,1,2025-01-01,2099-12-31,450.0,2.36,False,,,,,
CARF,L042,TL,1,2025-01-01,2099-12-31,450.0,2.29,False,,,,,
CARF,L045,TL,1,2025-01-01,2099-12-31,450.0,2.28,False,,,,,
CARF,L046,TL,1,2025-01-01,2099-12-31,450.0,2.36,False,,,,,
CARF,L047,TL,1,2025-01-01,2099-12-31,450.0,2.35,False,,,,,
CARF,L049,TL,1,2025-01-01,2099-12-31,450.0,2.24,False,,,,,
CARF,L052,TL,1,2025-01-01,2099-12-31,450.0,2.34,False,,,,,
CARF,L055,TL,1,2025-01-01,2099-12-31,450.0,2.34,False,,,,,
CARF,L060,TL,1,2025-01-01,2099-12-31,450.0,2.36,False,,,,,
CARG,L001,TL,1,2025-01-01,2099-12-31,450.0,2.29,False,,,,,
CARG,L003,TL,1,2025-01-01,2099-12-31,450.0,2.21,False,,,,,
CARG,L005,TL,1,2025-01-01,2099-12-31,450.0,2.19,False,,,,,
CARG,L009,TL,1,2025-01-01,2099-12-31,450.0,2.24,False,,,,,
CARG,L010,TL,1,2025-01-01,2025-06-30,450.0,2.11,False,,,,,
CARG,L010,TL,2,2025-07-01,2099-12-31,450.0,2.01,False,,,,,
CARG,L011,TL,1,2025-01-01,2099-12-31,450.0,2.15,False,,,,,
CARG,L016,TL,1,2025-01-01,2099-12-31,450.0,2.26,False,,,,,
CARG,L020,TL,1,2025-01-01,2099-12-31,450.0,2.17,False,,,,,
CARG,L021,TL,1,2025-01-01,2025-06-30,450.0,2.23,False,,,,,
CARG,L021,TL,2,2025-07-01,2099-12-31,450.0,2.12,False,,,,,
CARG,L025,TL,1,2025-01-01,2099-12-31,450.0,2.15,False,,,,,
CARG,L028,TL,1,2025-01-01,2025-06-30,450.0,2.12,False,,,,,
CARG,L028,TL,2,2025-07-01,2099-12-31,450.0,2.04,False,,,,,
CARG,L029,TL,1,2025-01-01,2099-12-31,450.0,2.23,False,,,,,
CARG,L034,TL,1,2025-01-01,2099-12-31,450.0,2.11,False,,,,,
CARG,L037,TL,1,2025-01-01,2099-12-31,450.0,2.25,False,,,,,
CARG,L039,TL,1,2025-01-01,2099-12-31,450.0,2.27,False,,,,,
CARG,L044,TL,1,2025-01-01,2099-12-31,450.0,2.29,False,,,,,
CARG,L048,TL,1,2025-01-01,2099-12-31,450.0,2.13,False,,,,,
CARG,L051,TL,1,2025-01-01,2025-06-30,450.0,2.11,False,,,,,
CARG,L051,TL,2,2025-07-01,2099-12-31,450.0,2.21,False,,,,,
CARG,L053,TL,1,2025-01-01,2099-12-31,450.0,2.29,False,,,,,
CARG,L054,TL,1,2025-01-01,2025-06-30,450.0,2.1,False,,,,,
CARG,L054,TL,2,2025-07-01,2099-12-31,450.0,2.01,False,,,,,
CARG,L056,TL,1,2025-01-01,2099-12-31,450.0,2.2,False,,,,,
CARG,L058,TL,1,2025-01-01,2099-12-31,450.0,2.11,False,,,,,
CARH,L004,TL,1,2025-01-01,2099-12-31,450.0,2.03,False,,,,,
CARH,L008,TL,1,2025-01-01,2025-06-30,450.0,2.08,False,,,,,
CARH,L008,TL,2,2025-07-01,2099-12-31,450.0,2.21,False,,,,,
CARH,L014,TL,1,2025-01-01,2025-06-30,450.0,1.99,False,,,,,
CARH,L014,TL,2,2025-07-01,2099-12-31,450.0,2.15,False,,,,,
CARH,L015,TL,1,2025-01-01,2099-12-31,450.0,2.16,False,,,,,
CARH,L018,TL,1,2025-01-01,2099-12-31,450.0,2.13,False,,,,,
CARH,L019,TL,1,2025-01-01,2025-06-30,450.0,2.09,False,,,,,
CARH,L019,TL,2,2025-07-01,2099-12-31,450.0,2.15,False,,,,,
CARH,L022,TL,1,2025-01-01,2099-12-31,450.0,2.02,False,,,,,
CARH,L024,TL,1,2025-01-01,2099-12-31,450.0,2.09,False,,,,,
CARH,L026,TL,1,2025-01-01,2099-12-31,450.0,2.0,False,,,,,
CARH,L027,TL,1,2025-01-01,2099-12-31,450.0,1.99,False,,,,,
CARH,L032,TL,1,2025-01-01,2099-12-31,450.0,2.02,False,,,,,
CARH,L041,TL,1,2025-01-01,2025-06-30,450.0,2.06,False,,,,,
CARH,L041,TL,2,2025-07-01,2099-12-31,450.0,2.18,False,,,,,
CARH,L043,TL,1,2025-01-01,2099-12-31,450.0,2.04,False,,,,,
CARH,L050,TL,1,2025-01-01,2099-12-31,450.0,2.11,False,,,,,
CARH,L057,TL,1,2025-01-01,2099-12-31,450.0,2.07,False,,,,,
CARH,L059,TL,1,2025-01-01,2099-12-31,450.0,2.1,False,,,,,
