certificate_id,shipment_id,certified_weight_lbs,certified_at
RW00001,SHP00021,1102,2025-01-01
RW00002,SHP00186,1447,2025-01-10
RW00003,SHP00267,4098,2025-01-12
RW00004,SHP00331,2965,2025-01-19
RW00005,SHP00406,3756,2025-01-19
RW00006,SHP00445,1126,2025-01-20
RW00007,SHP00473,629,2025-01-23
RW00008,SHP00533,1105,2025-01-24
RW00009,SHP00586,2064,2025-01-29
RW00010,SHP00624,659,2025-01-31
RW00011,SHP00656,1085,2025-01-30
RW00012,SHP00879,831,2025-02-10
RW00013,SHP00900,424,2025-02-14
RW00014,SHP00946,583,2025-02-11
RW00015,SHP01009,999,2025-02-13
RW00016,SHP01109,8333,2025-02-19
RW00017,SHP01180,3423,2025-02-19
RW00018,SHP01362,3205,2025-03-01
RW00019,SHP01513,1119,2025-03-08
RW00020,SHP01569,5075,2025-03-10
RW00021,SHP01730,1247,2025-03-15
RW00022,SHP01798,2671,2025-03-16
RW00023,SHP01880,3387,2025-03-21
RW00024,SHP01911,1265,2025-03-20
RW00025,SHP02206,1940,2025-04-04
RW00026,SHP02382,2721,2025-04-07
RW00027,SHP02473,1735,2025-04-12
RW00028,SHP02524,2422,2025-04-15
RW00029,SHP02629,2236,2025-04-16
RW00030,SHP02743,7936,2025-04-21
RW00031,SHP02769,2271,2025-04-23
RW00032,SHP02784,1549,2025-04-23
RW00033,SHP02853,1597,2025-04-25
RW00034,SHP02945,872,2025-05-01
RW00035,SHP03115,6372,2025-05-05
RW00036,SHP03175,418,2025-05-10
RW00037,SHP03231,7065,2025-05-09
RW00038,SHP03243,678,2025-05-10
RW00039,SHP03250,3217,2025-05-11
RW00040,SHP03497,355,2025-05-19
RW00041,SHP03592,1567,2025-05-22
RW00042,SHP04038,868,2025-06-09
RW00043,SHP04121,708,2025-06-09
RW00044,SHP04134,374,2025-06-10
RW00045,SHP04135,977,2025-06-11
RW00046,SHP04253,499,2025-06-15
RW00047,SHP04304,1040,2025-06-14
RW00048,SHP04309,3919,2025-06-17
RW00049,SHP04346,1626,2025-06-18
RW00050,SHP04637,1645,2025-06-26
RW00051,SHP04679,2615,2025-06-27
RW00052,SHP04684,2046,2025-06-29
RW00053,SHP04896,3354,2025-07-04
RW00054,SHP05033,3575,2025-07-10
RW00055,SHP05063,2151,2025-07-12
RW00056,SHP05220,720,2025-07-18
RW00057,SHP05247,3659,2025-07-22
RW00058,SHP05348,655,2025-07-23
RW00059,SHP05533,2622,2025-07-29
RW00060,SHP05626,888,2025-08-01
RW00061,SHP05634,969,2025-08-05
RW00062,SHP05643,407,2025-08-04
RW00063,SHP05718,1976,2025-08-05
RW00064,SHP05724,1686,2025-08-06
RW00065,SHP05762,3415,2025-08-08
RW00066,SHP05976,3140,2025-08-15
RW00067,SHP06055,845,2025-08-19
RW00068,SHP06118,1670,2025-08-22
RW00069,SHP06158,2685,2025-08-22
RW00070,SHP06170,908,2025-08-22
RW00071,SHP06233,1066,2025-08-25
RW00072,SHP06271,407,2025-08-26
RW00073,SHP06411,2273,2025-09-02
RW00074,SHP06446,2510,2025-09-04
RW00075,SHP06451,1228,2025-09-02
RW00076,SHP06476,750,2025-09-03
RW00077,SHP06498,621,2025-09-07
RW00078,SHP06538,1867,2025-09-06
RW00079,SHP06611,2161,2025-09-08
RW00080,SHP06641,1515,2025-09-12
RW00081,SHP06693,279,2025-09-14
RW00082,SHP06704,1111,2025-09-11
RW00083,SHP06715,748,2025-09-11
RW00084,SHP06717,528,2025-09-12
RW00085,SHP06770,1220,2025-09-14
RW00086,SHP06864,634,2025-09-16
RW00087,SHP06870,1788,2025-09-20
RW00088,SHP06917,4318,2025-09-21
RW00089,SHP06966,1628,2025-09-19
RW00090,SHP06992,1821,2025-09-21
RW00091,SHP06997,1532,2025-09-24
RW00092,SHP07054,619,2025-09-22
RW00093,SHP07136,470,2025-09-27
RW00094,SHP07304,749,2025-10-05
RW00095,SHP07369,8348,2025-10-03
RW00096,SHP07390,1727,2025-10-07
RW00097,SHP07393,2367,2025-10-06
RW00098,SHP07684,1295,2025-10-20
RW00099,SHP07726,1591,2025-10-18
RW00100,SHP07855,454,2025-10-23
RW00101,SHP07894,1030,2025-10-25
RW00102,SHP07914,1212,2025-10-24
RW00103,SHP07962,1226,2025-10-27
RW00104,SHP08049,611,2025-10-29
RW00105,SHP08092,1212,2025-10-28
RW00106,SHP08226,1372,2025-11-05
RW00107,SHP08466,1106,2025-11-10
RW00108,SHP08537,779,2025-11-12
RW00109,SHP08591,1315,2025-11-16
RW00110,SHP08669,943,2025-11-16
RW00111,SHP08841,790,2025-11-22
RW00112,SHP08989,1075,2025-11-26
RW00113,SHP09100,1098,2025-12-01
RW00114,SHP09182,8393,2025-12-04
RW00115,SHP09250,992,2025-12-05
RW00116,SHP09384,1837,2025-12-13
RW00117,SHP09448,1065,2025-12-15
RW00118,SHP09676,1049,2025-12-21
RW00119,SHP09833,6625,2025-12-29
RW00120,SHP09899,907,2025-12-29
